type,german,english,example_de,example_en,date_last_used,times_used,notes,subtype
verb_prep,abhängen von (+Dat),to depend on,"Ob wir den Ausflug machen, hängt vom Wetter ab.",,,0,,Verb + Präp.
verb_prep,Abschied nehmen von (+Dat),to say goodbye to / to take one's leave of,Toma Popescu musste wegen der hohen Arbeitslosigkeit Abschied von seiner Heimat nehmen.,,,0,from uploaded list,Verb + Präp.
verb_prep,Abstand halten von (+Dat),to keep one's distance from,"Halten Sie Abstand von den Baumaschinen, damit Sie sich nicht verletzen",,,0,from uploaded list,Verb + Präp.
verb_prep,achten auf (+Akk),to pay attention to / to watch out for,Worauf sollte man bei der Berufswahl achten?,,,0,,Verb + Präp.
verb_prep,anfangen mit (+Dat),to start with / to begin with,Wann haben Sie mit dem Deutschlernen angefangen?,,2026-08-27,1,,Verb + Präp.
verb_prep,Angst haben vor (+Dat),be afraid of,Wovor haben Sie Angst?,,,0,from uploaded list,Verb + Präp.
verb_prep,Angst machen (+Dat),to frighten / scare someone,Schnelles Autofahren macht ihr Angst.,,,0,from uploaded list,Verb + Präp.
verb_prep,ankommen auf (+Akk),to depend on / to hinge on,Es kommt auf die persönlichen Interessen an.,,,0,,Verb + Präp.
verb_prep,Anstrengungen unternehmen für (+Akk),to make efforts for,Fadi Samet unternimmt große Anstrengungen für seine Selbstständigkeit.,,,0,from uploaded list,Verb + Präp.
verb_prep,arbeiten an (+Dat),to work on,Sie arbeitet seit Monaten an einem neuen Roman.,,,0,,Verb + Präp.
verb_prep,auf der Suche sein nach (+Dat),be looking/searching for,Toma Popescu war auf der Suche nach einer Arbeit in seinem Bereich.,,,0,from uploaded list,Verb + Präp.
verb_prep,aufhören mit (+Dat),to stop / to cease,"Die Ärztin rät ihm, mit dem Rauchen aufzuhören.",,2026-09-02,1,,Verb + Präp.
verb_prep,aufkommen für (+Akk),to pay for / to cover the costs of / to be liable for,Malaika Hadrawi kann für ihren Lebensunterhalt aufkommen.,,,0,,Verb + Präp.
verb_prep,aufs Spiel setzen (+Akk),to put at risk / to stake,Mit Vertragsverletzungen setzen Sie das Geschäftsverhältnis aufs Spiel.,,2026-09-04,1,"functional verb phrase (Funktionsverbgefüge), from uploaded list",Verb + Präp.
verb_prep,aus dem Weg gehen (+Dat),to avoid / to get out of someone's way,Meinem Kollegen gehe ich heute lieber aus dem Weg. Er hat schlechte Laune.,,,0,"functional verb phrase (Funktionsverbgefüge), from uploaded list",Verb + Präp.
verb_prep,basieren auf (+Dat),to be based on,Der Film basiert auf einem wahren Ereignis aus dem 19. Jahrhundert.,,,0,,Verb + Präp.
verb_prep,begegnen (+Dat),to run into / encounter,,,2026-08-31,1,"governs dative, no preposition — grouped as valence pattern",Verb + Präp.
verb_prep,beginnen mit (+Dat),to begin with / to start with,"Toma, wann beginnst du auf der Arbeit mit dem Duzen?",,,0,,Verb + Präp.
verb_prep,beharren auf (+Dat),to persist in / to (stubbernly) stick to a position,"Er beharrt auf seiner Meinung, obwohl alle Beweise dagegen sprechen. / Trotz heftiger Kritik beharrte sie auf ihrem Standpunkt.",,,0,,Verb + Präp.
verb_prep,beneiden um (+Akk),to envy,"Viele beneiden ihn um seinen Erfolg, ohne zu wissen, wie hart er dafür gearbeitet hat.",,,0,,Verb + Präp.
verb_prep,beruhen auf (+Dat),to be gounded in / to be based on / to rest on,"Sie besteht auf ihrem Recht, den Vertrag zu kündigen. / Der Kunde bestand auf einer vollständigen Rückerstattung.",,,0,,Verb + Präp.
verb_prep,Bescheid geben (+Dat),to let someone know / to inform someone,Wir geben Ihnen im Laute des nächsten Monats über den weiteren Bewerbungsprozess Bescheid.,,,0,from uploaded list,Verb + Präp.
verb_prep,Bescheid sagen (+Dat),let (someone) know,"Ich sage dir Bescheid, sobald ich etwas Neues weiß.",,,0,from uploaded list,Verb + Präp.
verb_prep,Bescheid wissen über (+Akk),to be informed about / to know about,Die Eltern wussten lange nicht über die Pläne des Sohnes Bescheid.,,2026-09-03,1,from uploaded list,Verb + Präp.
verb_prep,Beschäftigung finden in (+Dat),to find occupation / fulfilment in,Gesundheitspfleger finden u. a. Beschäftigung in Facharztpraxen und Krankenhäusern.,,2026-08-28,1,from uploaded list,Verb + Präp.
verb_prep,bestehen auf (+Dat),to insist on something / to demand something be done or respected,Sie bestand auf einer schriftlichen Bestätigung der Vereinbarung.,,2026-09-04,1,,Verb + Präp.
verb_prep,bestehen aus (+Dat),to consist of / to be made up of,Woraus besteht dieses Essen?,,,0,,Verb + Präp.
verb_prep,Bezug nehmen auf (+Akk),to refer to / to make reference to,Ich nehme Bezug auf Ihre Anzeige und bewerbe mich als Schreiner in Ihrem Unternehmen.,,,0,from uploaded list,Verb + Präp.
verb_prep,bitten um (+Akk),to ask for / to request,Malaika Hadrawi bittet eine Kollegin um Hilfe bei der Betreuung ihres Kindes.,,,0,,Verb + Präp.
verb_prep,bleiben bei (+Dat),to remain,Trotz des Drucks blieb er bei seiner ursprünglichen Entscheidung.,,2026-08-31,1,,Verb + Präp.
verb_prep,den Bedarf decken an (+Dat),to meet / cover the demand for,Unsere Firma kann den Bedarf an den neuen Smartphones nicht decken. Die Nachfrage ist zu groß.,,2026-09-04,1,from uploaded list,Verb + Präp.
verb_prep,denken an (+Akk),to think of / to think about,Denken Sie an den Lebenslauf?,,,0,,Verb + Präp.
verb_prep,diskutieren mit (+Dat),to discuss with (a person),Die Mitarbeiter diskutieren mit der Personalleiterin.,,2026-08-28,1,,Verb + Präp.
verb_prep,diskutieren über (+Akk),to discuss / to debate (a topic),Worüber diskutiert ihr denn gerade?,,,0,,Verb + Präp.
verb_prep,ein Gespräch führen mit (+Dat)/über (+Akk),have a conversation with/about,Der Vater führte ein langes Gespräch mit seiner Tochter über ihre beruflichen Ziele.,,,0,from uploaded list,Verb + Präp.
verb_prep,ein Gutes tun (+Dat),to do someone good / to be beneficial to,Die frische Luft und die Bewegung haben ihr sichtlich ein Gutes getan.,,,0,from uploaded list,Verb + Präp.
verb_prep,ein Recht haben auf (+Akk),to have a right to,Jeder Arbeitnehmer hat das Recht auf Urlaub.,,,0,from uploaded list,Verb + Präp.
verb_prep,eine Bedingung stellen an (+Akk),to place a condition on,"An unser Geschäftsverhältnis stelle ich die Bedingung, dass Sie immer pünktlich liefern.",,2026-09-02,1,from uploaded list,Verb + Präp.
verb_prep,eine Rolle spielen für (+Akk),to play a role for / to matter to,Die Leistung des Mitarbeiters spielt für den Erfolg der Firma eine große Rolle.,,2026-09-03,1,from uploaded list,Verb + Präp.
verb_prep,einen Antrag stellen bei (+Dat) auf (+Akk),to submit an application to … for,Sie stellt bei der Bundesagentur für Arbeit einen Antrag auf eine Umschulung zur Verkäuferin,,,0,from uploaded list,Verb + Präp.
verb_prep,einen Eindruck gewinnen von (+Dat),to gain an impression of / to get a sense of,Im Altstadthotel hat Malaika Hadrawi einen Eindruck von der Arbeit im Hotel gewonnen.,,,0,from uploaded list,Verb + Präp.
verb_prep,einen Gefallen tun (+Dat),to do someone a favour,Fadi hat Malaika einen Gefallen getan. Er hat auf ihren Sohn aufgepasst.,,,0,from uploaded list,Verb + Präp.
verb_prep,einen guten/schlechten Eindruck haben von (+Dat),to have a good/bad impression of,Welchen Eindruck haben Sie von dem Bewerber?,,,0,from uploaded list,Verb + Präp.
verb_prep,einen guten/schlechten Eindruck hinterlassen bei (+Dat),to leave a good/bad impression on,"Er hat einen guten Eindruck bei mir hinterlassen. Ich denke, wir sollten ihn einstellen.",,,0,from uploaded list,Verb + Präp.
verb_prep,einen guten/schlechten Eindruck machen auf (+Akk),to make a good/bad impression on,Du machst heute einen schlechten Eindruck auf mich. Bist du krank?,,,0,from uploaded list,Verb + Präp.
verb_prep,einen Hinweis geben (+Dat),to give someone a tip / hint / piece of advice,"Können Sie mir einen Hinweis geben, wo ich die Kundendaten finden kann?",,,0,"functional verb phrase (Funktionsverbgefüge), from uploaded list",Verb + Präp.
verb_prep,einen Rabatt geben (+Dat),give a discount,Wir können Ihnen einen Rabatt von 10 % geben.,,,0,"functional verb phrase (Funktionsverbgefüge), from uploaded list",Verb + Präp.
verb_prep,einen Rat geben (+Dat),give advice,"Herr Lehmann gibt Hedda Aziz den Rat, von wichtigen Dokumenten immer Sicherungskopien zu machen.",,,0,"functional verb phrase (Funktionsverbgefüge), from uploaded list",Verb + Präp.
verb_prep,einen Tipp geben (+Dat),give a tip,"Er gab mir den Tipp, in einem Verein nach neuen Bekanntschaften zu suchen.",,,0,"functional verb phrase (Funktionsverbgefüge), from uploaded list",Verb + Präp.
verb_prep,einen Vergleich anstellen mit (+Akk),to draw a comparison with,Hedda Aziz stellt einen Vergleich mit den Angeboten anderer Firmen an.,,,0,from uploaded list,Verb + Präp.
verb_prep,einen Vorschlag machen (+Dat),to make a suggestion to someone,Ich mache dir den folgenden Vorschlag: ...,,,0,"functional verb phrase (Funktionsverbgefüge), from uploaded list",Verb + Präp.
verb_prep,einen Vorwurf machen (+Dat),to reproach someone / to accuse someone,"Er machte ihr den Vorwurf, ihn nicht rechtzeitig informiert zu haben.",,,0,"functional verb phrase (Funktionsverbgefüge), from uploaded list",Verb + Präp.
verb_prep,einen Wunsch abschlagen (+Akk),to turn down / refuse a request,"Wenn du mich so nett bittest, kann ich dir keinen Wunsch abschlagen.",,2026-09-04,1,"functional verb phrase (Funktionsverbgefüge), from uploaded list",Verb + Präp.
verb_prep,einen Wunsch erfüllen (+Akk),fulfill a wish,Malaika Hadrawi hat ihrem Sohn einen Wunsch erfüllt. Sie hat ihm ein Spielzeug gekauft.,,,0,"functional verb phrase (Funktionsverbgefüge), from uploaded list",Verb + Präp.
verb_prep,einen Zusammenhang herstellen zwischen (+Dat) und (Dat.),to establish a connection between … and,Aus der Produktqualität und dem Erfolg eines Unternehmens kann man einen Zusammenhang herstellen.,,,0,from uploaded list,Verb + Präp.
verb_prep,Einfluss nehmen auf (+Akk),to exert influence on / to have an impact on,"Die Lobbygruppe versuchte, Einfluss auf die Entscheidung des Parlaments zu nehmen.",,,0,from uploaded list,Verb + Präp.
verb_prep,einwilligen in (+Akk),to consent,"Der Patient willigte in die Operation ein, nachdem er ausführlich beraten worden war.",,,0,,Verb + Präp.
verb_prep,entsprechen (+Dat),to correspond to,,,,0,"governs dative, no preposition — grouped as valence pattern",Verb + Präp.
verb_prep,erinnern an (+Akk),to remind (someone) of,Die Blätter erinnern mich an meine Heimat in den USA.,The leaves remind me of my home in the USA.,,0,note reflexive (sich erinnern an) vs non-reflexive (jdn erinnern an) — different subject,Verb + Präp.
verb_prep,erkennen an (+Dat),to recognise by / to identify by,"Ich erkenne am Geruch, ob das Gemüse frisch ist oder nicht. / Woran erkennen Sie gutes Brot?",,2026-09-02,1,,Verb + Präp.
verb_prep,erkranken an (+Dat),to fall ill with / to develop a disease,"Sie erkrankte im Alter von 40 Jahren an Brustkrebs. / Immer mehr Menschen erkranken an Diabetes, vor allem in westlichen Ländern.",,,0,,Verb + Präp.
verb_prep,flüchten vor (+Dat),to flee from,Die Familie flüchtete vor dem Krieg in ein benachbartes Land.,,,0,,Verb + Präp.
verb_prep,fragen nach (+Dat),to ask about,Schiphrah fragt nach dem Befinden des Pharao.,Shiphrah asks about Pharaoh's state of health.,,0,,Verb + Präp.
verb_prep,Freundschaft schließen mit (+Dat),to make friends with / to form a friendship with,Nhan Nguyen hat mit Peter Freundschaft geschlossen.,,,0,from uploaded list,Verb + Präp.
verb_prep,froh sein über (+Akk),to be glad about / to be pleased about,Stefanie ist froh über ihre neue Arbeit.,,,0,,Verb + Präp.
verb_prep,gehen um (+Akk),to be about / to concern / to be a question of,"Ich verstehe nicht, worum es in dem Text geht.",,,0,,Verb + Präp.
verb_prep,gehören zu (+Dat),to belong to / to be part of,Gehört das Persische zu den semitischen Sprachen?,,,0,,Verb + Präp.
verb_prep,geraten in (+Akk),to advise,Durch schlechte Planung geriet das Unternehmen in finanzielle Schwierigkeiten.,,,0,,Verb + Präp.
verb_prep,glauben an (+Akk),to believe in,Nhan glaubt an das Gute im Menschen.,,,0,,Verb + Präp.
verb_prep,Grund nennen für (+Akk),to give / state a reason for,"Bitte nennt mir den Grund für euer Verhalten! Warum macht ihr so einen Quatsch, Kinder?",,,0,from uploaded list,Verb + Präp.
verb_prep,Hilfe brauchen/benötigen bei (+Dat),to need help with,Fayyad Hadji benötigt manchmal Hilfe von seinen Kollegen.,,,0,from uploaded list,Verb + Präp.
verb_prep,Hilfe leisten (+Dat),to provide assistance to / to help someone,Sie leistete der Familie Hilfe bei der Wohnungssuche.,,2026-08-27,1,from uploaded list,Verb + Präp.
verb_prep,Hoffnung machen (+Dat),to give someone hope / to raise someone's hopes,"Der Arzt wollte ihr keine falschen Hoffnungen machen, bevor die Ergebnisse vorlagen.",,,0,from uploaded list,Verb + Präp.
verb_prep,hängen an (+Dat),to depend on / to hinge on,"Er hängt sehr an seinem alten Elternhaus, obwohl er längst ausgezogen ist.",,2026-08-31,1,,Verb + Präp.
verb_prep,in Anspruch nehmen (+Akk),to make use of / to claim / to take up,Ihre Arbeit nimmt Dimitra Papadopoulou stark in Anspruch.,,,0,"functional verb phrase (Funktionsverbgefüge), from uploaded list",Verb + Präp.
verb_prep,in Schutz nehmen vor (+Dat),to protect / defend someone from,Der Chef nimmt die Mitarbeiterin vor den kritischen Kunden in Schutz.,,,0,"functional verb phrase (Funktionsverbgefüge), from uploaded list",Verb + Präp.
verb_prep,in Sicherheit bringen (+Akk),to bring to safety / to get someone to safety,Ein Bekannter hat die Familie vor dem Krieg in Sicherheit gebracht.,,,0,"functional verb phrase (Funktionsverbgefüge), from uploaded list",Verb + Präp.
verb_prep,in Verbindungen stehen mit (+Dat),to be in contact with / to be connected to,Die beiden Unternehmen stehen seit Jahren in geschäftlicher Verbindung miteinander.,,,0,"functional verb phrase (Funktionsverbgefüge), from uploaded list",Verb + Präp.
verb_prep,Kontakte knüpfen mit (+Dat),to make / establish contacts with,Anita Jiménez knüpfte Kontakte mit ihren Kollegen.,,,0,from uploaded list,Verb + Präp.
verb_prep,Kritik üben an (+Dat),to criticise / to level criticism at,Die Mutter übt Kritik an den kurzen Öffnungszeiten des Kindergartens.,,,0,from uploaded list,Verb + Präp.
verb_prep,lachen über (+Akk),to laugh about / to laugh at,Dimitra hat laut über den Witz gelacht.,,,0,,Verb + Präp.
verb_prep,leben von (+Dat),to make a living from,Als freischaffender Künstler lebt er von den Einnahmen seiner Ausstellungen.,,,0,,Verb + Präp.
verb_prep,leiden an / unter (+Dat),to suffer from,Der Patient leidet an Bluthochdruck und leidet jetzt unter der Hitze.,,2026-08-28,1,,Verb + Präp.
verb_prep,liegen an (+Dat),to be due to / because of,"Das lag daran, dass der Unterricht mir nicht so schwer vorkam.",That was because school didn't seem so hard to me.,,0,,Verb + Präp.
verb_prep,Maßnahmen ergreifen für (+Akk),to take measures for,"Wir werden geeignete Maßnahmen ergreifen, damit dieses Problem nicht wieder vorkommt",,2026-09-03,1,from uploaded list,Verb + Präp.
verb_prep,nachdenken über (+Akk),to think about / to reflect on / to ponder,Toma Popescu denkt über seine Zukunft nach.,,,0,,Verb + Präp.
verb_prep,neigen zu (+Dat),to tend towards / to be inclined to,"Er neigt dazu, Probleme zu übertreiben, anstatt sie sachlich zu betrachten. / Sie neigt zu Pessimismus, obwohl die Situation eigentlich nicht so schlimm ist.",,,0,,Verb + Präp.
verb_prep,Neugierde wecken für (+Akk),to arouse curiosity about,Die Kindergärtnerin weckt die Neugierde der Kinder für Tiere.,,,0,from uploaded list,Verb + Präp.
verb_prep,protestieren gegen (+Akk),to protest against,Tausende von Menschen protestierten gegen die geplanten Sparmaßnahmen.,,,0,,Verb + Präp.
verb_prep,Rat suchen bei (+Dat),to seek advice from,Früher suchte er oft Rat bei seinem Vater.,,,0,from uploaded list,Verb + Präp.
verb_prep,rechnen mit (+Dat),to expect,"Wir rechnen damit, dass die Ergebnisse nächste Woche vorliegen werden.",,,0,,Verb + Präp.
verb_prep,Respekt haben vor (+Dat),to have respect for,In der Altenpflege sollte man Respekt vor alten Menschen haben.,,,0,from uploaded list,Verb + Präp.
verb_prep,riechen nach (+Dat),to smell like,Die frisch gebackenen Brötchen riechen nach Zimt und Vanille.,,,0,,Verb + Präp.
verb_prep,Rücksicht nehmen auf (+Akk),to show consideration for / to be considerate of,"Liebe Nachbarn, nehmen Sie bitte Rücksicht und machen Sie die Musik nachts leiser",,,0,from uploaded list,Verb + Präp.
verb_prep,schimpfen über (+Akk),to rant about / to scold about,Er schimpfte lautstark über die ständigen Verspätungen der Bahn.,,2026-08-28,1,,Verb + Präp.
verb_prep,Schluss machen mit (+Dat),to end / finish with / to break up with,Wir machen Schluss mit hohen Preisen. 50 % Rabatt auf allesl,,,0,from uploaded list,Verb + Präp.
verb_prep,schmecken nach (+Dat),to taste like,Die Suppe schmeckt nach Knoblauch und frischen Kräutern.,,,0,,Verb + Präp.
verb_prep,schreiben über (+Akk),to write about,Nhan schreibt seiner Großmutter einen Brief über sein neues Leben.,,2026-09-02,1,,Verb + Präp.
verb_prep,schwärmen von (+Dat),to rave about / to be enthusiastic about,Sie schwärmt noch heute von ihrer Reise durch Südamerika.,,2026-09-03,1,,Verb + Präp.
verb_prep,schätzen an (+Dat),to appreciate (a quality) about (someone),Das schätze ich sehr an dir.,That's what I really appreciate about you.,,0,,Verb + Präp.
verb_prep,schützen vor (+Dat),to protect against,Eine gute Impfung schützt vor schweren Krankheitsverläufen.,,,0,,Verb + Präp.
verb_prep,sein Wort geben (+Dat),to give one's word to,"Ich gebe Ihnen mein Wort, dass ich in Zukunft nicht mehr zu spät zur Arbeit kommen werde.",,,0,"functional verb phrase (Funktionsverbgefüge), from uploaded list",Verb + Präp.
verb_prep,seine Hilfe anbieten (+Dat),to offer one's help to,Fadi Samet bietet Flüchtlingen seine Hilfe an.,,,0,from uploaded list,Verb + Präp.
verb_prep,sich anpassen an (+Akk),to adapt to / to adjust to,In einem fremden Land sollte man sich an die wichtigen Gepflogenheiten anpassen.,,,0,,Verb + Präp.
verb_prep,sich anschleichen an (+Akk),to sneak up on,,,2026-09-02,1,corrected from 'sich schlichen an' — infinitive is sich anschleichen,Verb + Präp.
verb_prep,sich aufregen über (+Akk),to get worked up about / to be annoyed about,Die Menschen regen sich über die hohen Benzinpreise auf.,,,0,,Verb + Präp.
verb_prep,sich bedanken bei (+Dat),to thank (a person),Hedda Aziz bedankt sich bei der Sozialarbeiterin für die Hilte.,,,0,,Verb + Präp.
verb_prep,sich bedanken für (+Akk),to say thank you for / to express gratitude for,Ich möchte mich für deine Hilfe bedanken.,,,0,,Verb + Präp.
verb_prep,sich begnügen mit (+Dat),to make due with,"Da das Budget knapp war, begnügte er sich mit einer einfachen Unterkunft.",,,0,,Verb + Präp.
verb_prep,sich beklagen bei (+Dat),to complain to (a person),Das Kind beklagt sich bei der Mutter.,,,0,,Verb + Präp.
verb_prep,sich beklagen über (+Akk),to complain about,Die alte Dame beklagt sich über das Essen im Krankenhaus.,,,0,,Verb + Präp.
verb_prep,sich bemühen um (+Akk),to strive for / to make an effort for / to endeavour to,Toma Popescu hat sich in Rumänien erfolglos um eine Arbeitsstelle bemüht.,,,0,,Verb + Präp.
verb_prep,sich beschweren bei (+Dat),to complain about,Sie beschwerte sich beim Vorgesetzten über das unhöfliche Verhalten ihres Kollegen.,,,0,,Verb + Präp.
verb_prep,sich beschweren bei (+Dat) über (+Akk),to complain to (someone) about (something),Ich habe mich beim Manager über den Service beschwert.,I complained to the manager about the service.,,0,,Verb + Präp.
verb_prep,sich beschweren über (+Akk),to complain about,Die Nachbarn beschweren sich über den Dreck im Treppenhaus.,,,0,,Verb + Präp.
verb_prep,sich beschäftigen mit (+Dat),to occupy oneself with / to deal with / to work on,Wir beschäftigen uns heute mit der Grammatik.,,,0,,Verb + Präp.
verb_prep,sich bewerben bei (+Dat),to apply to (a company / institution),Bewerben Sie sich doch bei diesem Unternehmen.,,,0,,Verb + Präp.
verb_prep,sich bewerben um (+Akk),to apply for (a position / award),Die Stelle ist toll! Bewirbst du dich um sie?,,,0,,Verb + Präp.
verb_prep,sich beziehen auf (+Akk),to refer to / relate to,,,,0,,Verb + Präp.
verb_prep,sich entschließen zu (+Dat),to decide to / to resolve to,"Nach langem Nachdenken entschloss sie sich zu einem Jobwechsel. / Er hat sich dazu entschlossen, das Studium abzubrechen und eine Ausbildung zu machen.",,,0,,Verb + Präp.
verb_prep,sich entschuldigen bei (+Dat),to apologise to (a person),Der Richter entschuldigt sich bei Fadi Samet für die Terminverschiebung,,,0,,Verb + Präp.
verb_prep,sich entschuldigen für (+Akk),to apologise for,Er entschuldigte sich für die Verspätung,,,0,,Verb + Präp.
verb_prep,sich erinnern an (+Akk),to remember,Ich erinnere mich an den Tag unserer ersten Begegnung.,I remember the day of our first meeting.,,0,,Verb + Präp.
verb_prep,sich freuen auf (+Akk),to look forward to (a thing),Wir freuen uns auf ein Wiedersehen mit euch.,We look forward to seeing you again.,,0,,Verb + Präp.
verb_prep,"sich freuen darauf, dass...",to look forward to (a clause/doing something),"Wir freuen uns darauf, euch alle wiederzusehen.",We look forward to seeing you all again.,,0,"use darauf/dass when the thing looked forward to is a clause, not a noun",Verb + Präp.
verb_prep,sich freuen über (+Akk),to be happz about,Er freute sich sehr über die unerwartete Beförderung.,,,0,,Verb + Präp.
verb_prep,sich fürchten vor (+Dat),to be afraid of / to fear,Malaikas Sohn fürchtet sich vor Spinnen.,,,0,,Verb + Präp.
verb_prep,sich Gedanken machen über (+Akk),to think about / to worry about,Die Jugendlichen machen sich Gedanken über ihre Zukunft.,,,0,from uploaded list,Verb + Präp.
verb_prep,sich gewöhnen an (+Akk),to get used to,"Es hat eine Weile gedauert, aber ich habe mich an den neuen Arbeitsrhythmus gewöhnt.",,,0,,Verb + Präp.
verb_prep,sich halten an (+Akk),to stick to / to adhere to / to comply with,Halten Sie sich unbedingt an die Sicherheitsbestimmungen.,,,0,,Verb + Präp.
verb_prep,sich handeln um (+Akk),to be about / to concern / to be a matter of,Es handelt sich hierbei um ein Weizenbrot mit Sonnenblumenkernen.,,,0,,Verb + Präp.
verb_prep,sich interessieren für (+Akk),to be interested in,Interessieren Sie sich für Sport?,,,0,,Verb + Präp.
verb_prep,sich irren in (+Dat),to err,"Ich habe mich in ihm geirrt — er war doch nicht so zuverlässig, wie ich dachte.",,,0,,Verb + Präp.
verb_prep,sich kümmern um (+Akk),to look after / to take care of / to deal with,Könnten Sie sich bitte um diesen Auftrag kümmern?,,,0,,Verb + Präp.
verb_prep,sich Mühe geben bei (+Dat)/mit (+Dat),to take pains with / to put in effort with,Fayyad Hadji gibt sich bei der Beratung der Kunden und mit seiner Aussprache Mühe.,,2026-09-04,1,from uploaded list,Verb + Präp.
verb_prep,sich sehnen nach (+Dat),to yearn for,Nach Monaten im Ausland sehnte sie sich nach der Küche ihrer Mutter.,,,0,,Verb + Präp.
verb_prep,sich Sorgen machen über (+Akk),to worry about,Viele Selbstständige machen sich Sorgen um ihre zukünftigen Aufträge.,,,0,from uploaded list,Verb + Präp.
verb_prep,sich treffen mit (+Dat),to meet with,Nhan trifft sich gerne mit Bekannten im Vereinshaus. / Fayyad Hadji trifft sich heute Abend mit Kollegen zum Grillen.,,,0,,Verb + Präp.
verb_prep,sich täuschen in (+Dat),to be mistaken about / to be deceived about,Sie hatte sich in ihrem Kollegen getäuscht und vertraute ihm nicht mehr.,,,0,,Verb + Präp.
verb_prep,sich unterhalten mit (+Dat),to talk with / to chat with / to converse with,Ahmed Moussa unterhält sich mit dem Journalisten.,,,0,,Verb + Präp.
verb_prep,sich unterhalten über (+Akk),to talk about / to have a conversation about,Die Kursteilnehmenden unterhalten sich über das Wochenende.,,,0,,Verb + Präp.
verb_prep,sich verabreden mit (+Dat),to arrange to meet with / to make plans with,Mit wem hast du dich heute verabredet?,,,0,,Verb + Präp.
verb_prep,sich verlassen auf (+Akk),to rely on / to count on,"Es ist wichtig, dass man sich auf einen Freund verlassen kann.",,,0,,Verb + Präp.
verb_prep,sich verlieben in (+Akk),to fall in love with,Sie verliebte sich auf den ersten Blick in ihn.,,2026-08-27,1,,Verb + Präp.
verb_prep,sich vorbereiten auf (+Akk),to prepare for,Haben Sie sich schon auf die Sprachprüfung vorbereitet?,,,0,,Verb + Präp.
verb_prep,sich wehren gegen (+Akk),to defend oneself against,Sie wehrte sich entschieden gegen die falschen Anschuldigungen.,,,0,,Verb + Präp.
verb_prep,sich wundern über (+Akk),to be surprised at / to marvel at,Der Lehrer wundert sich immer wieder über den Fleiß der Lernenden.,,,0,,Verb + Präp.
verb_prep,sich ärgern über (+Akk),to be/get annoyed about,,,,0,corrected from 'ärgarn sich' (typo),Verb + Präp.
verb_prep,sich üben in (+Dat),to practice,"Er übt sich täglich in Geduld, seit er mit dem Meditieren angefangen hat.",,2026-08-28,1,,Verb + Präp.
verb_prep,sorgen für (+Akk),to take care of / to provide for / to ensure,Dimitra Papadopoulou sorgt für eine gute Atmosphäre auf der Arbeit.,,,0,,Verb + Präp.
verb_prep,sprechen für (+Akk),to speak for,Seine langjährige Erfahrung spricht für ihn als geeigneten Kandidaten für die Stelle.,,2026-08-27,1,,Verb + Präp.
verb_prep,sprechen gegen (+Akk),to speak against,Die fehlenden Beweise sprechen gegen die ursprüngliche Theorie der Ermittler.,,,0,,Verb + Präp.
verb_prep,sprechen über (+Akk),to talk about / to speak about,Hedda Aziz spricht über ihren letzten Urlaub.,,,0,,Verb + Präp.
verb_prep,staunen über (+Akk),to be amazed at / to be astonished by,Malaika Hadrawi staunt über die Hilfsbereitschaft ihrer Kollegin.,,2026-08-31,1,,Verb + Präp.
verb_prep,stimmen gegen (+Akk),to oppose / to vote against,Die Mehrheit der Abgeordneten stimmte gegen den neuen Gesetzentwurf.,,,0,,Verb + Präp.
verb_prep,teilen in (+Akk),to divide into,Der Lehrer teilte die Klasse in vier Gruppen ein.,,,0,,Verb + Präp.
verb_prep,teilnehmen an (+Dat),to participate in,,,,0,,Verb + Präp.
verb_prep,telefonieren mit (+Dat),to talk on the phone with / to call,Toma Popescu telefoniert oft mit seinem Vater.,,,0,,Verb + Präp.
verb_prep,träumen von (+Dat),to dream of / to dream about,Wovon träumen Sie?,,,0,,Verb + Präp.
verb_prep,unabhängig von (+Dat),independent of,,,,0,"adjective + preposition, not strictly verb+prep, but a key fixed collocation",Verb + Präp.
verb_prep,unterrichten in (+Dat),to give lessons in / to teach,Sie unterrichtet seit zehn Jahren in Mathematik und Physik.,,,0,,Verb + Präp.
verb_prep,Verantwortung tragen für (+Akk),to bear responsibility for,Anita Jiménez trägt Verantwortung für Aufträge mit südamerikanischen Kunden.,,,0,from uploaded list,Verb + Präp.
verb_prep,Verantwortung übernehmen für (+Akk),to take on / assume responsibility for,Malaika Hadrawi übernimmt die Verantwortung für die schlechte Qualität des Orangensafts.,,,0,from uploaded list,Verb + Präp.
verb_prep,verfügen über (+Akk),to have available / to offer (as a feature),,,,0,,Verb + Präp.
verb_prep,verstoßen gegen (+Akk),to violate / to breach / to go against,"Die Mitarbeiterin hat so oft gegen die Regeln verstoßen, dass sie eine Abmahnung bekommt.",,,0,,Verb + Präp.
verb_prep,Verständnis haben für (+Akk),to have understanding for / to understand,Die meisten Arbeitgeber haben Verständnis für Mitarbeiter mit kleinen Kindern.,,,0,from uploaded list,Verb + Präp.
verb_prep,Verständnis zeigen für (+Akk),to show understanding for,Zeigen Sie Verständnis für die Sorgen Ihrer Kollegen.,,,0,from uploaded list,Verb + Präp.
verb_prep,Vertrauen genießen bei (+Dat),to enjoy the trust of / to be trusted by,Fadi Samet genießt als Übersetzer bei der Polizei Vertrauen.,,,0,from uploaded list,Verb + Präp.
verb_prep,verzichten auf (+Akk),to do without / to give up / to forgo,"Der Arzt rät ihr, auf Zucker zu verzichten.",,,0,,Verb + Präp.
verb_prep,Vorbereitungen treffen für (+Akk),to make preparations for,Hedda Aziz und ihr Kollege treffen Vorbereitungen für eine Dienstreise.,,2026-09-03,1,from uploaded list,Verb + Präp.
verb_prep,warnen vor (+Dat),to warn against,Der Arzt warnte ihn eindringlich vor den Risiken eines ungesunden Lebensstils.,,,0,,Verb + Präp.
verb_prep,warten auf (+Akk),to wait for,Sonst hätte ich eine halbe Stunde auf den nächsten Zug warten müssen.,Otherwise I would have had to wait half an hour for the next train.,,0,,Verb + Präp.
verb_prep,Zeit haben für (+Akk),have time for,Fadi Samet hat keine Zeit für Hobbys.,,,0,from uploaded list,Verb + Präp.
verb_prep,zu Ende bringen (+Akk),finish / bring to a close,Wir müssen die Arbeit heute zu Ende bringen.,,,0,"functional verb phrase (Funktionsverbgefüge), from uploaded list",Verb + Präp.
verb_prep,zu tun haben mit (+Dat),to have to do with,"Vielleicht hat es ein bisschen damit zu tun, dass ich auf einmal Bock bekommen habe, mich anzustrengen.",Maybe it has something to do with the fact that I suddenly felt like making an effort.,,0,,Verb + Präp.
verb_prep,zubereiten aus (+Dat),to prepare from / to make from,"Unser Nationalgericht wird aus Kartoffeln, Zwiebeln, Schweinefleisch und Rotkohl zubereitet.",,,0,,Verb + Präp.
verb_prep,zum Abschluss bringen (+Akk),complete / bring to a conclusion,Das Projekt wurde letztes Jahr zum Abschluss gebracht.,,,0,"functional verb phrase (Funktionsverbgefüge), from uploaded list",Verb + Präp.
verb_prep,zum Lachen bringen (+Akk),to make someone laugh,Mit seinen Geschichten brachte er die ganze Gruppe zum Lachen.,,,0,"functional verb phrase (Funktionsverbgefüge), from uploaded list",Verb + Präp.
verb_prep,zur Rede stellen (+Akk),to call someone to account / to confront someone,Die Eltern stellten die Kinder zur Rede.,,,0,"functional verb phrase (Funktionsverbgefüge), from uploaded list",Verb + Präp.
verb_prep,zur Verantwortung ziehen für (+Akk),to hold accountable for,Der Mitarbeiter wurde für den Fehler zur Verantwortung gezogen.,,2026-08-31,1,"functional verb phrase (Funktionsverbgefüge), from uploaded list",Verb + Präp.
verb_prep,zur Verfügung stehen für (+Akk),to be available for,Malaika Hadrawi steht für Schichtdienste zur Verfügung.,,,0,"functional verb phrase (Funktionsverbgefüge), from uploaded list",Verb + Präp.
verb_prep,zuzwinkern (+Dat),to wink at (someone),,,,0,"governs dative, no preposition, but grouped here as a fixed valence pattern",Verb + Präp.
verb_prep,zweifeln an (+Dat),to doubt / to have doubts about,Manchmal zweifelt Dimitra Papadopoulou an ihrer Entscheidung zur Auswanderung.,,2026-08-27,1,,Verb + Präp.
verb_prep,zählen zu (+Dat),to count among / to be considered as,Der Schwarzwald zählt zu den beliebtesten Reisezielen in Deutschland.,,,0,,Verb + Präp.
noun_prep,außer Puste (sein),to be out of breath,Ben ist schon außer Puste.,Ben is already out of breath.,,0,corrected from 'sein außer Puste',Nomen + Präp.
noun_prep,das Einverständnis mit (+Dat),the agreement / consent to,Bei der Vertragsunterzeichnung haben Sie Ihr Einverständnis mit den Lieferbedingungen erklärt.,,,0,,Nomen + Präp.
noun_prep,das Entsetzen über (+Akk),the horror / dismay at,Das Entsetzen über die Kündigung von 50 Mitarbeitern betraf die ganze Firma.,,,0,,Nomen + Präp.
noun_prep,das Erstaunen über (+Akk),the astonishment / amazement at,Das Erstaunen über das deutsche Essen war bei Nhan Nguyen anfangs groß.,,2026-08-28,1,,Nomen + Präp.
noun_prep,das Glück über (+Akk),the happiness / delight about,Das Glück über die Geburt des Kindes ist unbeschreiblich.,,,0,,Nomen + Präp.
noun_prep,das Interesse an (+Dat),interest in,Vielen Dank für Ihr Interesse an unseren Produkten.,,,0,,Nomen + Präp.
noun_prep,das Misstrauen gegenüber (+Dat),the mistrust / suspicion towards,Das Misstrauen ihres Sohnes gegenüber den Erzieherinnen im Kindergarten kann Malaika nicht verstehen.,,,0,,Nomen + Präp.
noun_prep,das Vertrauen auf (+Akk)/in (+Akk),the trust / confidence in,Das Vertrauen auf eine gute Zukunft ist bei Silvia fest verankert.,,,0,,Nomen + Präp.
noun_prep,der Bericht über (+Akk),report about/on,Der Bericht über die Entwicklung der Firma war etwas langweilig.,,,0,,Nomen + Präp.
noun_prep,der Hinweis auf (+Akk),the reference / indication / hint to,Fayyad Hadji hat einem Freund einen Hinweis auf eine Stellenausschreibung gegeben.,,,0,,Nomen + Präp.
noun_prep,der Inhalt von (+Dat),the content / contents of,"Der Inhalt vom Artikel ""Alles in Lot"" hat mir Anregungen gegeben.",,2026-09-04,1,,Nomen + Präp.
noun_prep,der Neid auf (+Akk),the envy of,Neid auf seine Nachbarn ist Nhan Nguyen fremd.,,,0,,Nomen + Präp.
noun_prep,der Nutzen für (+Akk),the benefit / use for,Bei unseren neuen Produkten muss der Nutzen für die Gesundheit hervorgehoben werden.,,,0,,Nomen + Präp.
noun_prep,der Protest gegen (+Akk),protest against,Der Protest der Belegschaft gegen die Lohnkürzungen hat nichts genützt.,,,0,,Nomen + Präp.
noun_prep,der Reichtum an (+Dat),the richness / abundance of,Deutschland ist für seinen Reichtum an Wasser bekannt.,,,0,,Nomen + Präp.
noun_prep,der Schaden für (+Akk),the damage / harm to,Der Schaden für das Unternehmen beträgt 25.000 €.,,,0,,Nomen + Präp.
noun_prep,der Stolz auf (+Akk),pride in,Petra Münzbergs Stolz auf ihre finanzielle Unabhängigkeit ist groß.,,,0,,Nomen + Präp.
noun_prep,der Traum von (+Akk),dream of,Caroline Youssi möchte ihren Traum von einer Reise nach Paris verwirklichen.,,2026-09-03,1,,Nomen + Präp.
noun_prep,der Zusammenhang,context / connection,,,,0,commonly used with 'mit' (Zusammenhang mit),Nomen + Präp.
noun_prep,der Zweifel an (+Dat),the doubt about,Malaikas Freundin hat große Zweifel an de Treue ihres Mannes.,,,0,,Nomen + Präp.
noun_prep,der Ärger auf (+Akk)/über (+Akk),anger at/about,Den Arger aut die Mutter über das Fernsenverbot konnte man dem Jungen ansehen.,,,0,,Nomen + Präp.
noun_prep,die Abhängigkeit von (+Dat),the dependence on,Die Abhängigkeit vom Geld des Jobcenters fand Petra Münzberg schlimm.,,,0,,Nomen + Präp.
noun_prep,die Aggressivität zu (+Dat)/gegen (+Akk),the aggressiveness towards,"Weder die Aggressivität von Kunden zu Verkäufern, noch die von Verkäufern gegen Kunden ist tolerierbar.",,,0,,Nomen + Präp.
noun_prep,die Angewiesenheit auf (+Akk),the dependence / reliance on,Die Angewiesenheit auf Sozialleistungen belastet den Familienvater.,,,0,,Nomen + Präp.
noun_prep,die Anwesenheit bei (+Dat),the presence at,Für alle Auszubildenden ist die Anwesenheit bei dieser Veranstaltung verpflichtend,,,0,,Nomen + Präp.
noun_prep,die Armut an (+Dat),the lack / poverty of,Die Armut an Lebensmitteln und Trinkwasser ist in vielen ländern ein ernstes Problem.,,,0,,Nomen + Präp.
noun_prep,die Begeisterung von (+Dat)/für (+Dat),the enthusiasm for,Die Begeisterung von Toma Popescu für Fußball ist groß.,,2026-09-04,1,,Nomen + Präp.
noun_prep,die Bekanntheit bei (+Dat)/für (+Akk),the fame / recognition among / for,Manchmal ist Fadi Samet seine Bekanntheit bei den Flüchtlingen für seine guten Übersetzungen zu viel,,2026-09-03,1,,Nomen + Präp.
noun_prep,die Beliebtheit bei (+Dat),the popularity with,Süßigkeiten sind für ihre Beliebtheit bei Kindern bekannt.,,,0,,Nomen + Präp.
noun_prep,die Bereitschaft zu (+Dat),the willingness / readiness to,Als Feuerwehrmann müssen Sie über die Bereitschaft zur Schichtarbeit verfügen.,,,0,,Nomen + Präp.
noun_prep,die Beruhigung über (+Akk),the relief / reassurance about,"Die Beruhigung darüber, endlich in Sicherheit zu leben, lässt sich nicht in Worte fassen.",,,0,,Nomen + Präp.
noun_prep,die Berühmtheit für (+Akk),the fame / renown for,Die Berühmtheit Deutschlands für Autos ist weltweit ausgeprägt.,,,0,,Nomen + Präp.
noun_prep,die Beschäftigung mit (+Dat)/bei (+Dat),the occupation / engagement with / at,Die Beschäftigung mit Tieren erfordert Geduld./ Eine Beschäftigung bei dieser Firma ist gut bezahlt.,,,0,,Nomen + Präp.
noun_prep,die Beteiligung an (+Dat),the participation / involvement in,Die aktive Beteiligung jedes Teams an der Planung des Betriebsausflugs wird erwartet.,,,0,,Nomen + Präp.
noun_prep,die Beunruhigung über (+Akk),the concern / unease about,Die Beunruhigung über das Verschwinden des Hundes war groß.,,,0,,Nomen + Präp.
noun_prep,die Bezeichnung für (+Akk)/als (+Akk),the term / designation for / as,"Die Bezeichnung „Schrippe"" für Brötchen ist Vielen unbekannt/Seine Bezeichnung als Anwalt ist ungültig.",,,0,,Nomen + Präp.
noun_prep,die Dankbarkeit für (+Akk),gratitude for,Die Patientin drückte ihre Dankbarkeit für die gute Behandlung mit einem Blumenstrauß aus.,,,0,,Nomen + Präp.
noun_prep,die Eifersucht auf (+Akk),the jealousy of,Die Eifersucht auf die Kollegen seiner Frau kann der Mann nicht verbergen.,,,0,,Nomen + Präp.
noun_prep,die Eignung zu (+Dat)/für (+Akk),the suitability / aptitude for,Seine Eignung zum Bedienen der Maschinen muss er zuerst nachweisen./ Der Arbeitgeber benötigt einen Nachweis der Eignung für diese Tätigkeit.,,,0,,Nomen + Präp.
noun_prep,die Empörung über (+Akk),the outrage / indignation at,Die Empörung über die ungerechte Entscheidung des Schuldirektors war bei den Schülern groß.,,,0,,Nomen + Präp.
noun_prep,die Entfernung von (+Dat),the distance / removal from,Die Entfernung von ihrer Heimat ist für Dimitra Papadopoulou manchmal zu groß.,,,0,,Nomen + Präp.
noun_prep,die Entscheidung für/gegen/über (+Akk),decision for/against/about,Die Entscheidung für die Arbeit im Hotel hat Malaika Hadrawi nie bereut.,,,0,,Nomen + Präp.
noun_prep,die Entschlossenheit zu (+Dat),the determination / resolve to,Bei Bränden ist die Entschlossenheit zu schnellem Handeln äußerst wichtig.,,,0,,Nomen + Präp.
noun_prep,die Enttäuschung über (+Akk),the disappointment about,Die Enttäuschung über das schlechte Wetter beeinträchtigte den Urlaub.,,,0,,Nomen + Präp.
noun_prep,die Erfahrung in (+Dat)/mit (+Dat),experience in/with,Die Erfahrungen mit den Gästen im Altstadthotel haben Malaika Hadrawi sehr gefallen.,,,0,,Nomen + Präp.
noun_prep,die Freiheit von (+Dat),the freedom from,Endlich habe ich die Freiheit von Geldsorgen erreicht!,,2026-08-31,1,,Nomen + Präp.
noun_prep,die Freude auf/über (+Akk),the joy in (anticipated) / about (past),Die Freude über den Anruf der Freunde und auf deren baldigen Besuch war groß.,,,0,,Nomen + Präp.
noun_prep,die Freundlichkeit zu/gegenüber (+Dat),friendliness to/towards,Zu den Aufgaben des Busfahrers zählt die Freundlichkeit zu den Fahrgästen./ Die Freundlichkeit der Kellnerin gegenüber den Gästen war erstaunlich.,,,0,,Nomen + Präp.
noun_prep,die Freundschaft mit (+Dat)/zwischen (+Dat),friendship with/between,Die Freundschaft mit Maria ist Julia sehr wichtig./Die Freundschaft zwischen Maria und Julia ist unerschüttenich.,,,0,,Nomen + Präp.
noun_prep,die Fähigkeit zu (+Dat),the ability / capacity to,Die Fähigkeit zu strategischem Denken ist in Positionen der Geschäftsführung unverzichtbar.,,,0,,Nomen + Präp.
noun_prep,die Fülle an (+Dat),the abundance / wealth of,Die Fülle an Brotsorten in Deutschland findet Nhan Nguyen beeindruckend.,,,0,,Nomen + Präp.
noun_prep,die Gewöhnung an (+Akk),the habituation / getting used to,Die Gewöhnung an die neue Umgebung ging bei den Kindern schell.,,,0,,Nomen + Präp.
noun_prep,die Gleichgültigkeit gegenüber (+Dat),the indifference towards,Die Gleichgültigkeit ihres Mannes gegenüber ihrem Hobby ärgert sie.,,2026-08-27,1,,Nomen + Präp.
noun_prep,die Heirat mit (+Dat),marriage to,Anitas Heirat mit ihrem Mann fand in Buenos Aires statt.,,,0,,Nomen + Präp.
noun_prep,die Hoffung auf (+Akk),the hope for,Die Familie gibt die Hoffnung auf eine Rückkehr in die Heimat nicht auf.,,,0,,Nomen + Präp.
noun_prep,die Investition in (+Akk),the investment in,Die Investition in die neuen Maschinen hat sich für die Firma ausgezahlt.,,2026-09-03,1,,Nomen + Präp.
noun_prep,die Konzentration auf (+Akk),the concentration / focus on,Für Elektroniker ist die Konzentration auf kleinste Details wichtig.,,,0,,Nomen + Präp.
noun_prep,die Liebe zu (+Dat),the love of / for,Aus Liebe zu Tieren gründete sie ein Tierheim.,,2026-08-31,1,,Nomen + Präp.
noun_prep,die Müdigkeit von (+Dat),the tiredness / fatigue from,Sie fühlten lange die Müdigkeit von der anstrengenden Reise.,,,0,,Nomen + Präp.
noun_prep,die Neugier(de) auf (+Akk),the curiosity about,Die Neugierde auf die Erzählungen des Großvaters ist bei den Kindern groß.,,,0,,Nomen + Präp.
noun_prep,die Offenheit für (+Akk),the openness to,Die Offenheit für andere Kulturen und Sprachen hat Fadi Samet sehr geholfen.,,,0,,Nomen + Präp.
noun_prep,die Reaktion auf (+Akk),the reaction / response to,Die Reaktion der Geschäftsführung auf die Proteste war verständnisvoll.,,,0,,Nomen + Präp.
noun_prep,die Schuld an (+Dat),the guilt / blame for,Die Schuld an dem Unfall trägt der Fahrer des gelben BMW.,,2026-08-28,1,,Nomen + Präp.
noun_prep,die Schuld geben an (+Dat),to put the blame on,Der Mann gab der Frau die Schuld an dem Streit.,,,0,,Nomen + Präp.
noun_prep,die Spannung auf (+Akk),the anticipation / excitement about,Die Spannung auf den neuen Hollywoodfilm ist unerträglich.,,,0,,Nomen + Präp.
noun_prep,die Spezialisierung auf (+Akk),the specialisation in,Die Spezialisierung auf Autoreifen ist bei diesem Unternehmen der Schlüssel zum Erfolg.,,2026-08-28,1,,Nomen + Präp.
noun_prep,die Suche nach (+Dat),search for,Die Suche nach einer Wohnung war für Hedda Aziz und ihre Familie schwer.,,2026-08-27,1,,Nomen + Präp.
noun_prep,die Teilnahme an (+Dat),participation in,Die Teilnahme an Firmenfeiern ist erwünscht.,,,0,,Nomen + Präp.
noun_prep,die Tendenz zu (+Dat),the tendency towards,"Sie weiß nicht, welche Bluse sie kaufen soll. Ihre Tendenz geht zu der grünen.",,,0,,Nomen + Präp.
noun_prep,die Trauer über (+Akk),the grief / sadness about,Die Trauer über den Tod der Großmutter ist kaum auszuhalten.,,,0,,Nomen + Präp.
noun_prep,die Traurigkeit über (+Akk),sadness about,Die Traurigkeit über den Verlust der Arbeitsstelle hat sie mittlerweile überwunden.,,,0,,Nomen + Präp.
noun_prep,die Unabhängigkeit von (+Dat),independence from,Die finanzielle Unabhängigkeit von ihrem Mann ist der neuen Kollegin wichtig.,,,0,,Nomen + Präp.
noun_prep,die Unannehmlichkeit für (+Akk),the inconvenience / trouble for,Die Verspätung des Zuges verursachte Unannehmlichkeiten für die Reisenden.,,2026-08-31,1,,Nomen + Präp.
noun_prep,die Unbeliebtheit bei (+Dat),the unpopularity with,Die Unbeliebheit von Routineaufgaben bei einigen Mitarbeitern ist bekannt.,,,0,,Nomen + Präp.
noun_prep,die Unerfahrenheit in (+Dat),the inexperience in,Seine anfängliche Unerfahrenheit im Führen von Beratungsgesprächen war für Fayyad Hadji ein Problem.,,,0,,Nomen + Präp.
noun_prep,die Unfreundlichkeit zu (+Dat),unfriendliness to,Die Unfreundlichkeit mancher Gäste zum Hotelpersonal ärgern Malaika Hadrawi.,,,0,,Nomen + Präp.
noun_prep,die Unglücklichkeit über (+Akk),unhappiness about,Seine Unglücklichkeit über den Verlust seiner Arbeitsstelle kann kaum etwas lindern.,,,0,,Nomen + Präp.
noun_prep,die Unschuld an (+Dat),the innocence of,Anitas Unschuld an dem Autounfall ist eindeutig.,,2026-09-02,1,,Nomen + Präp.
noun_prep,die Unterteilung in (+Dat),the division / subdivision into,Die Unterteilung des Schulsystems in unterschiedliche Schulformen ist nicht leicht zu verstehen.,,,0,,Nomen + Präp.
noun_prep,die Unzufriedenheit mit (+Dat),dissatisfaction with,Die Unzufriedenheit mit den beruflichen Aussichten waren der Grund für Toma Popescus Umzug nach Deutschland.,,,0,,Nomen + Präp.
noun_prep,die Verantwortlichkeit für (+Akk),the accountability / responsibility for,Die Verantwortlichkeiten für die einzelnen Aufgabenbereiche sind in der Firma klar geregelt.,,2026-09-02,1,,Nomen + Präp.
noun_prep,die Verantwortung für (+Akk),the responsibility for,Die Verantwortung für ihren Sohn empfindet Malaika Hadrawi als Herausforderung.,,,0,,Nomen + Präp.
noun_prep,die Verpflichtung zu (+Dat)/für (+Akk),the obligation / commitment to / for,Mit diesem Vertrag sind Sie eine Verpflichtung zu regelmäßigen Zahlungen eingegangen. / Es besteht eine Verpflichtung für ein Jahr.,,,0,,Nomen + Präp.
noun_prep,die Verwunderung über (+Akk),the astonishment / puzzlement at,Die Verwunderung über die Gehaltserhöhung war groß.,,,0,,Nomen + Präp.
noun_prep,die Vorbereitung auf (+Akk),the preparation for,Hedda Aziz investierte viel Zeit in die Vorbereitung auf die Deutschprüfung.,,,0,,Nomen + Präp.
noun_prep,die Werbung für (+Akk),advertising for,Ist in Ihrem Heimatland die Werbung für Zigaretten erlaubt?,,2026-08-27,1,,Nomen + Präp.
noun_prep,die Wichtigkeit für (+Akk),the importance / significance for,Die Wichtigkeit von Fremdsprachenkenntnissen ist für die Hotel- und Gaststättenbranche beträchtich.,,2026-09-04,1,,Nomen + Präp.
noun_prep,die Wirkung auf (+Akk),effect on,Die Wirkung dieses Medikaments auf Menschen ist noch nicht erforscht.,,,0,,Nomen + Präp.
noun_prep,die Wut auf (+Akk)/über (+Akk),anger at/about,Er hat immer noch Wut auf den alten Chef und über dessen Ungerechtigkeit.,,,0,,Nomen + Präp.
noun_prep,die Zufriedenheit mit (+Dat),satisfaction with,Die Zufriedenheit mit seiner Tätigkeit sieht man Fadi Samet an.,,,0,,Nomen + Präp.
noun_prep,die Überzeugung von (+Dat),the conviction / belief in,Meine zukünftige Partnerin muss meine Überzeugungen von einem guten Leben teilen.,,,0,,Nomen + Präp.
noun_prep,im Vergleich zu (+Dat),in/by comparison to,Die Tiere sind im Vergleich zu anderem Spielzeug nicht so günstig.,"Compared to other toys, the animals aren't that cheap.",,0,,Nomen + Präp.
noun_prep,in der Gegend,in the area,,,2026-09-02,1,,Nomen + Präp.
noun_prep,zum Trotz (+Dat),in spite of / in defiance of,,,,0,postposition: noun + Dat + trotz,Nomen + Präp.
other,"..., gell?","..., right? / isn't it?",,,,0,regional (SW Germany/Bavaria/Austria),Redemittel
other,abhängig von (+Dat),dependent on,Die Lieferdauer ist abhängig von der Bestellmenge.,,,0,"adjective + preposition (fixed collocation, from uploaded list)",Adjektiv + Präp.
other,Abläufe dokumentieren,to document processes / procedures,Zur Qualitätssicherung werden die Arbeitsabläufe kleinschrittig dokumentiert.,,,0,"idiomatic verb phrase, from uploaded list",Redemittel
other,absitzen,to sit out (e.g. a sentence),,,,0,,Wortschatz
other,abzocken,to swindle / rip off (someone),Die Reifenhändler zocken mich total ab!,The tire dealers are totally ripping me off!,,0,,Wortschatz
other,anbieten,to offer,,,,0,,Wortschatz
other,Anerkennung genießen,to enjoy recognition / appreciation,Feuerwehrleute und Ärzte genießen in Deutschland die höchste Anerkennung,,,0,"idiomatic verb phrase, from uploaded list",Redemittel
other,angenehm für (+Akk),pleasant for / agreeable to,Unser Treffen auf der Messe war für mich sehr angenehm.,,,0,"adjective + preposition (fixed collocation, from uploaded list)",Adjektiv + Präp.
other,angesehen bei (+Dat),respected by / well regarded among,Er ist bei seinen Kunden sehr angesehen.,,2026-08-31,1,"adjective + preposition (fixed collocation, from uploaded list)",Adjektiv + Präp.
other,angewiesen auf (+Akk),dependent on / reliant on,Ich bin auf Ihre Hilfe angewiesen.,,,0,"adjective + preposition (fixed collocation, from uploaded list)",Adjektiv + Präp.
other,anscheinend,apparently,,,,0,,Wortschatz
other,anschubsen,to give a push,Kannst du mich auf der Schaukel anschubsen?,Can you push me on the swing?,,0,,Wortschatz
other,ansprechend,appealing,,,,0,,Wortschatz
other,Ansprüche stellen,to make demands / to have expectations,Sie stellt hohe Ansprüche an sich selbst und an ihre Mitarbeiter.,,,0,"idiomatic verb phrase, from uploaded list",Redemittel
other,antworten (auf) (+Dat),to answer / to respond (to),Sie antwortete ruhig auf die provokante Frage des Journalisten.,,,0,"governs case, no preposition (from uploaded list)",Verb + Kasus
other,anvertrauen (+Dat/+Akk),to entrust / to confide,Sie vertraute ihm ihr größtes Geheimnis an.,,2026-09-02,1,"governs case, no preposition (from uploaded list)",Verb + Kasus
other,Arbeit erledigen,finish/complete work,Diese Woche erledige ich die Arbeit.,,,0,"idiomatic verb phrase, from uploaded list",Redemittel
other,auf eine bestimmte Art und Weise,in a certain way,,,,0,,Redemittel
other,auf einer Wellenlänge sein,to be on the same wavelength,,,,0,,Redewendung
other,auf einmal,all at once / suddenly,Muss man 50 Frösche auf einmal essen?,Do you have to eat 50 frogs all at once?,,0,corrected 'Frosches' -> 'Frösche',Wortschatz
other,auf meine/ihre/seine Art,in my/her/his own way,Sie macht es auf ihre Art.,She does it her own way.,,0,,Redemittel
other,aufgepeppt,peppep up / spiced up,,,,0,past participle of aufpeppen (to pep up / liven up),Wortschatz
other,aufhören,to stop / end,,,,0,,Wortschatz
other,Aufmerksamkeit schaffen,to draw / create attention,,,,0,,Redemittel
other,ausgegossen,poured out,,,,0,,Wortschatz
other,auswendig,by heart / from memory,,,,0,merged duplicates,Wortschatz
other,außer Frage stehen,to be beyond question / out of the question,"Es steht außer Frage, dass Maurer ein anstrengender Beruf ist.",,2026-09-02,1,"idiomatic verb phrase, from uploaded list",Redewendung
other,außerdem,besides / moreover,Deine schmutzigen Socken stinken außerdem.,"Besides, your dirty socks stink.",,0,,Wortschatz
other,außergewöhnlich,extraordinary,Momentan befinden wir uns auf einem außergewöhnlichen Hoch.,At the moment we're at an extraordinary high.,,0,corrected inflected form to base adjective,Wortschatz
other,bares Geld verschenken,to throw away money (literally: give away cash),"Wer sein Zahngold weiter aufbewahrt, verschenkt bares Geld.",Whoever keeps holding onto their dental gold is throwing away cash.,,0,,Redewendung
other,barmherzig,merciful,,,,0,,Wortschatz
other,baumeln,to dangle,,,2026-08-27,1,,Wortschatz
other,beantworten (+Dat/+Akk),to answer / to reply to,Er beantwortete alle Fragen geduldig und ausführlich.,,,0,"governs case, no preposition (from uploaded list)",Verb + Kasus
other,beeindruckend,impressive,,,2026-09-02,1,,Wortschatz
other,befragen (+Akk),to question / to interview,Die Polizei befragte mehrere Zeugen zu dem Vorfall.,,2026-08-27,1,"governs case, no preposition (from uploaded list)",Verb + Kasus
other,befreundet mit (+Dat),friends with,Fayyad Hadji ist mit seinen Nachbarn befreundet.,,,0,"adjective + preposition (fixed collocation, from uploaded list)",Adjektiv + Präp.
other,begeistert,enthusiastic,Sie sind begeistert.,They are enthusiastic.,,0,,Wortschatz
other,begeistert von (+Dat),enthusiastic about / thrilled by,Die Kundin ist begeistert von dem Gebrauchtwagen.,,,0,"adjective + preposition (fixed collocation, from uploaded list)",Adjektiv + Präp.
other,begleiten,to accompany,Der Elternteil hat das Kind begleitet.,The parent accompanied the child.,,0,,Wortschatz
other,beglückwünschen (zu) (+Akk),to congratulate (on),Ich möchte dich herzlich zu deiner Beförderung beglückwünschen.,,,0,"governs case, no preposition (from uploaded list)",Verb + Kasus
other,beherrschen,to master,,,,0,,Wortschatz
other,behutsam,"careful, gentle, cautious",,,,0,"corrected gloss from 'kindly' — behutsam means gentle/cautious, not kind",Wortschatz
other,beistehen (+Dat),to support / to stand by,In schwierigen Zeiten stand sie ihrer besten Freundin treu bei.,,,0,"governs case, no preposition (from uploaded list)",Verb + Kasus
other,bekannt für (+Akk)/mit (+Dat),known for / familiar with,Die Firma ist für gute Schuhe und Taschen bekannt./ Anita Jiménez ist mit Herrn Breitner bekannt.,,,0,"adjective + preposition (fixed collocation, from uploaded list)",Adjektiv + Präp.
other,bekommen,to get / receive (neutral),,,,0,,Wortschatz
other,bekämpfen,to fight / combat,,,,0,,Wortschatz
other,beliebt bei (+Dat),popular with,Anita Jiménez ist bei ihren Kollegen beliebt.,,,0,"adjective + preposition (fixed collocation, from uploaded list)",Adjektiv + Präp.
other,bemerken,to notice,,,,0,,Wortschatz
other,beneiden (um) (+Akk),to envy (for),Sie beneidet ihre Schwester um ihre Selbstsicherheit.,,,0,"governs case, no preposition (from uploaded list)",Verb + Kasus
other,beobachten,to observe,,,,0,,Wortschatz
other,bereit zu (+Dat),ready for / willing to,Der Händler ist zu Preisverhandlungen bereit.,,,0,"adjective + preposition (fixed collocation, from uploaded list)",Adjektiv + Präp.
other,berühmt für (+Akk),famous for / renowned for,Dimitra Papadopoulous Heimatland ist berühmt für seine Geschichte.,,,0,"adjective + preposition (fixed collocation, from uploaded list)",Adjektiv + Präp.
other,berühren,to touch,Andere Menschen zu berühren.,To touch other people.,,0,,Wortschatz
other,Bescheid bekommen,to be informed / to receive word,Haben Sie noch etwas Geduld. Sie bekommen bald Bescheid.,,,0,"idiomatic verb phrase, from uploaded list",Redemittel
other,beschädigt,damaged,War der Akku beschädigt oder leer?,Was the battery damaged or empty?,,0,,Wortschatz
other,beschäftigt mit (+Dat),busy with / occupied with,Nhan hat sich beruflich mit medizinischen Geräten beschäftigt.,,,0,"adjective + preposition (fixed collocation, from uploaded list)",Adjektiv + Präp.
other,besorgt über (+Akk)/um (+Akk),concerned about / worried about,Caroline Youssri ist besorgt über ihre berufliche Zukunft./ Toma Popescu ist besorgt um seine Mutter.,,,0,"adjective + preposition (fixed collocation, from uploaded list)",Adjektiv + Präp.
other,bestreuen,to sprinkle,Bestreuen Sie das Gericht vor dem Servieren mit Petersilie.,Sprinkle the dish with parsley before serving.,,0,corrected 'Petersilien' -> 'Petersilie',Wortschatz
other,besuchen (+Akk),to visit,Er besucht seine Großeltern jeden Sonntag zum Mittagessen.,,,0,"governs case, no preposition (from uploaded list)",Verb + Kasus
other,beteiligt an (+Dat),involved in / participating in,Sehr viele Mitarbeiter haben sich an der Organisation der Weihnachtsfeier beteiligt.,,,0,"adjective + preposition (fixed collocation, from uploaded list)",Adjektiv + Präp.
other,betreten,to enter / step onto,Betreten auf eigene Gefahr.,Enter at your own risk.,,0,,Wortschatz
other,betrügen,to cheat,,,,0,corrected spelling 'beterügen',Wortschatz
other,beunruhigt über (+Akk),troubled by / unsettled about,Hedda Aziz ist beunruhigt über die Nachrichten aus ihrem Heimatland.,,,0,"adjective + preposition (fixed collocation, from uploaded list)",Adjektiv + Präp.
other,bevor,before,,,,0,,Wortschatz
other,bevorzugt,favored / preferred,,,,0,corrected from non-standard 'bevorteilt',Wortschatz
other,bewegend,moving / touching,,,,0,"corrected from 'Bewegt'; note bewegt (adj) = eventful/moved, bewegend = moving/touching",Wortschatz
other,bewilligen (+Dat/+Akk),to approve / to grant,Der Antrag auf Förderung wurde vom Amt bewilligt.,,,0,"governs case, no preposition (from uploaded list)",Verb + Kasus
other,beängstigend,frightening,,,2026-08-28,1,,Wortschatz
other,bieten (+Dat/+Akk),to offer / to provide,Das Hotel bietet seinen Gästen einen hervorragenden Service.,,,0,"governs case, no preposition (from uploaded list)",Verb + Kasus
other,binden,to bind / tie,,,,0,,Wortschatz
other,bitten (um) (+Akk),to ask (for) / to request,Sie bat ihren Vorgesetzten um einen Tag Urlaub.,,,0,"governs case, no preposition (from uploaded list)",Verb + Kasus
other,Bock haben (auf),to feel like (doing something) / to be up for it,Ich hab keinen Bock mehr.,I don't feel like it anymore.,,0,corrected garbled original 'We hat mein Bock mehr'; slang,Redewendung
other,borgen (+Dat/+Akk),to lend / to borrow,Kannst du mir bis morgen zwanzig Euro borgen?,,,0,"governs case, no preposition (from uploaded list)",Verb + Kasus
other,bringen (+Dat/+Akk),to bring,Er brachte ihr jeden Morgen einen Kaffee ans Schreibtisch.,,,0,"governs case, no preposition (from uploaded list)",Verb + Kasus
other,böse auf (+Akk),angry at / cross with,Der Junge ist böse auf das Mädchen.,,,0,"adjective + preposition (fixed collocation, from uploaded list)",Adjektiv + Präp.
other,bürgerlich,middle-class / bourgeois,,,,0,corrected gloss — closer to 'bourgeois' than slang 'bougie',Wortschatz
other,dankbar für (+Akk),grateful for / thankful for,Fayyad Hadji ist seinen Kollegen für ihre Hilfsbereitschaft dankbar.,,,0,"adjective + preposition (fixed collocation, from uploaded list)",Adjektiv + Präp.
other,"Danke, ebenfalls! / Danke, gleichfalls!","Thanks, likewise!",,,,0,,Redemittel
other,danken (für) (+Dat),to thank (for),Er dankte ihr herzlich für ihre Hilfe beim Umzug.,,,0,"governs case, no preposition (from uploaded list)",Verb + Kasus
other,das Amt,the position / office,,,,0,,Wortschatz
other,das Arschloch,asshole,,,,0,vulgar slang — register flag,Wortschatz
other,das Bedürfnis / die Bedürfnisse,the need(s),,,,0,,Wortschatz
other,das Befinden,the state of health / well-being,,,,0,,Wortschatz
other,das Denkmal,the monument / memorial,Es ist wie ein Denkmal über die Bedingungen der Menschen auf dem Mond.,It's like a monument to the conditions of the people on the moon.,,0,corrected translation ('testimony' -> 'monument') and 'im Mond' -> 'auf dem Mond',Wortschatz
other,das Dingsbums,the thingamajig,,,2026-09-03,1,,Wortschatz
other,das Ereignis / die Veranstaltung,the event,,,,0,,Wortschatz
other,das Ergebnis,the result,,,,0,corrected spelling from 'Ergibnis',Wortschatz
other,das Erlebnis / die Erfahrung,the experience,,,,0,merged duplicates,Wortschatz
other,das Geheimnis,the secret,,,,0,,Wortschatz
other,das Gesetz,the law,,,2026-09-02,1,,Wortschatz
other,Das ist doch nicht zu fassen!,That's unbelievable!,,,,0,,Redewendung
other,Das ist doch Quatsch!,That's nonsense!,,,,0,,Redemittel
other,Das ist lächerlich!,That's ridiculous!,,,2026-08-28,1,,Redemittel
other,das Kennzeichen,the label / marker,,,,0,,Wortschatz
other,Das macht uns Mut.,That gives us courage.,,,2026-08-31,1,,Redemittel
other,das Muster,the pattern,,,,0,,Wortschatz
other,das Niesen,the sneeze (noun),,,,0,,Wortschatz
other,das Opfer,the sacrifice / the victim,,,,0,two meanings,Wortschatz
other,Das passt so. / Stimmt so.,Keep the change.,,,,0,,Redemittel
other,das Schicksal,the fate,,,,0,,Wortschatz
other,das Schlupfloch,the loophole,,,2026-09-02,1,,Wortschatz
other,das Unternehmen,the company,,,,0,,Wortschatz
other,den Kürzeren ziehen,to come off worse / to lose out,"In der Verhandlung zog er den Kürzeren, weil er schlecht vorbereitet war.",,,0,"idiomatic verb phrase, from uploaded list",Redewendung
other,den Umsatz steigern,to increase turnover / sales,Die Firma konnte im letzten Jahr den Umsatz um 3% steigern.,,,0,"idiomatic verb phrase, from uploaded list",Redemittel
other,dennoch,nevertheless,,,,0,,Wortschatz
other,der Alltag,everyday life,,,,0,,Wortschatz
other,der Ausdruck,the expression,,,,0,,Wortschatz
other,der Außenbereich,the outside area,,,,0,,Wortschatz
other,der Begriff,the term / concept,,,,0,merged duplicate,Wortschatz
other,der Bereich / das Gebiet,the area,,,,0,merged duplicates,Wortschatz
other,der Bericht,the report,,,,0,merged duplicates,Wortschatz
other,der Bolzen / der Riegel,the bolt,,,,0,,Wortschatz
other,der Bub / die Buben,the boy(s),,,,0,,Wortschatz
other,der Buchstabe (die Buchstaben),the letter(s) (of the alphabet),,,,0,,Wortschatz
other,der Durchschnitt,the average,,,,0,,Wortschatz
other,der Erpresser,the blackmailer,,,,0,,Wortschatz
other,der Förderverein,the support association,,,,0,corrected from genitive 'Fördervereins',Wortschatz
other,der Gedanke,the thought,,,,0,,Wortschatz
other,der Genuss,the enjoyment / pleasure / indulgence,,,,0,,Wortschatz
other,der Geruch,the smell,,,,0,,Wortschatz
other,der Gletscher,the glacier,Wir sind mehrmals mit Schlitten den Gletscher hinuntergefahren.,We rode sleds down the glacier several times.,,0,,Wortschatz
other,der Großbuchstabe,the capital letter,,,,0,,Wortschatz
other,der Grundpfeiler,the cornerstone / foundational pillar,,,,0,,Wortschatz
other,der Holzdübel,the wooden peg / dowel,,,,0,,Wortschatz
other,der Husten,the cough (noun),,,,0,,Wortschatz
other,der Inbusschlüssel,the hex wrench / Allen key,,,,0,corrected spelling (missing umlaut),Wortschatz
other,der Klacks,the dollop / dab,...einen Klacks Mayonnaise,...a dollop of mayonnaise,,0,,Wortschatz
other,der Kleinbuchstabe,the lowercase letter,,,,0,,Wortschatz
other,der Mucks,a sound / peep,,,,0,"colloquial, e.g. 'keinen Mucks machen'",Wortschatz
other,der Pendler,the commuter,,,,0,,Wortschatz
other,der Rauchmelder,the smoke detector,,,,0,,Wortschatz
other,der Schnupfen,the sniffle / head cold (noun),,,,0,corrected from 'der Schneien' (not a word — Schneien means 'to snow'),Wortschatz
other,der Schraubenzieher,the screwdriver,,,,0,,Wortschatz
other,der Schrebergarten,the allotment / community garden,,,,0,,Wortschatz
other,der Schritt / die Schritte,the step(s),Jetzt nähern wir uns mit großen Schritten dem Jahresende.,Now we're approaching the end of the year in big steps.,,0,,Wortschatz
other,der Schwager,the brother-in-law,,,,0,,Wortschatz
other,der Speckgürtel,"the commuter belt (informal; lit. 'bacon belt', i.e. wealthy suburbs)","Viele Wohlhabende ziehen in den Speckgürtel, um mehr Platz und Ruhe zu genießen.",Many wealthy people move to the commuter belt to enjoy more space and peace.,,0,,Wortschatz
other,der Spießer,the philistine / narrow-minded conformist,,,,0,"informal, mildly pejorative",Wortschatz
other,der Stadtrand,the city edge / outskirts,,,,0,,Wortschatz
other,der Stolz,the pride,,,,0,,Wortschatz
other,der Streber,the overachiever / swot,,,,0,,Wortschatz
other,der Trottel,the idiot,,,,0,,Wortschatz
other,der Unterschied,the difference,Was ist der Unterschied zwischen den beiden Wörtern?,What's the difference between the two words?,,0,,Wortschatz
other,der Ursprung,the origin,,,,0,corrected gender/spelling from 'die Ürsprung',Wortschatz
other,der Vorort,the suburb,,,2026-08-31,1,,Wortschatz
other,der Werkzeugkoffer,the toolbox,,,,0,,Wortschatz
other,der Widerstand,the resistance,,,,0,,Wortschatz
other,der Zweifel,the doubt,,,,0,,Wortschatz
other,der/das Fick,the fuck (crude),,,,0,vulgar slang — register flag; verb form is ficken,Wortschatz
other,der/die Freiwillige (pl. die Freiwilligen),the volunteer(s),,,2026-08-27,1,,Wortschatz
other,deshalb,therefore,"Ich bleibe deshalb lieber zuhause, obwohl ich gern zum Gottesdienst gekommen wäre.","That's why I'd rather stay home, although I would have liked to attend the service.",2026-08-31,1,,Wortschatz
other,deutlich,clearly,,,,0,,Wortschatz
other,die Abzocke,the rip-off,"Das war eine echte Abzocke, zehn Euro für ein Bier!","That was a real rip-off, ten euros for a beer!",,0,,Wortschatz
other,die Bedingung(en),the condition(s),,,,0,,Wortschatz
other,die Begeisterung,the enthusiasm,,,,0,,Wortschatz
other,die Bewegung,the movement / motion,,,,0,,Wortschatz
other,die Beziehung(en),the relationship(s),,,,0,,Wortschatz
other,die Bezugserzieherin(nen),the key/reference caregiver(s),,,,0,daycare/kita context,Wortschatz
other,die Flüssigkeit,the liquid,,,2026-08-27,1,corrected spelling (missing umlaut),Wortschatz
other,die Folge,the consequence,,,,0,corrected article from 'das Folge',Wortschatz
other,die Fotze(n),cunt(s),,,,0,vulgar slang — register flag,Wortschatz
other,die Förderung,the support / promotion,,,,0,,Wortschatz
other,die Gefahr,the danger / risk,,,,0,,Wortschatz
other,die Gegenleistung,the consideration / compensation (in return),,,,0,,Wortschatz
other,die Gelegenheit,the opportunity,,,2026-08-31,1,,Wortschatz
other,die Gestaltung,the design,,,,0,"separated from Erlebnis entry, was bracketed in with it",Wortschatz
other,die Gewalt,violence,,,,0,,Wortschatz
other,die Gewohnheit,the habit,,,,0,,Wortschatz
other,die Gnade,the grace / mercy,,,,0,,Wortschatz
other,die gültige E-Mailadresse,the valid email address,,,,0,,Wortschatz
other,die Hassliebe,the love-hate relationship,,,,0,,Wortschatz
other,die Hecke,the hedge,,,,0,,Wortschatz
other,die Kapuze,the hood,Die Kapuze meiner Jacke ist nicht mehr wasserdicht.,My jacket's hood isn't waterproof anymore.,,0,corrected spelling,Wortschatz
other,die Kraft,the power / strength,,,,0,,Wortschatz
other,die Mehrwertsteuer,the sales tax / VAT,,,,0,,Wortschatz
other,die Menge,the quantity / amount,,,,0,,Wortschatz
other,die Milbe(n),the mite(s),,,,0,,Wortschatz
other,die Mispel,the medlar (fruit),,,2026-08-27,1,,Wortschatz
other,die Mutter,the nut (hardware),,,,0,homonym of 'die Mutter' (mother),Wortschatz
other,die Pfote,the paw,,,,0,,Wortschatz
other,die Regierung,the government,,,,0,,Wortschatz
other,die Rettung,the rescue,,,2026-09-02,1,,Wortschatz
other,die Rückmeldung,the feedback,,,,0,,Wortschatz
other,die Scham,the shame,,,,0,,Wortschatz
other,die Schleife,the loop / bow,,,2026-08-31,1,,Wortschatz
other,die Schraube,the screw,,,,0,,Wortschatz
other,die Schwägerin,the sister-in-law,,,2026-08-28,1,,Wortschatz
other,die Schätzfrage(n),the estimation question(s),,,,0,,Wortschatz
other,die Seele baumeln lassen,to relax / unwind,,,2026-09-02,1,"idiom, literally 'let one's soul dangle'",Redewendung
other,die Strecke,the route / stretch,,,2026-09-03,1,,Wortschatz
other,die Sünde(n),the sin(s),,,,0,corrected article/singular form,Wortschatz
other,die Tat(en),the deed(s),,,,0,,Wortschatz
other,die Tätigkeit / die Aktivität,the activity,,,,0,,Wortschatz
other,die Umgebung,the surroundings,,,,0,,Wortschatz
other,die Verbindung,the connection,Gute Zugverbindung wünscht Wolfgang.,Wolfgang wishes you a good train connection.,,0,,Wortschatz
other,die Verletzung,the injury,,,,0,,Wortschatz
other,die Versammlung,the assembly / meeting,,,,0,,Wortschatz
other,die Verschwörungstheorie,the conspiracy theory,,,,0,,Wortschatz
other,die Wahl,the election / choice,,,,0,,Wortschatz
other,drohen (mit) (+Dat),to threaten (with),"Der Vermieter drohte mit einer Klage, falls die Miete nicht bezahlt würde.",,,0,"governs case, no preposition (from uploaded list)",Verb + Kasus
other,duften / riechen,to smell (duften = pleasantly; riechen = neutral),Wie lecker er duftet.,How delicious he smells.,,0,,Wortschatz
other,durchschnittlich,on average,Zusammen mit Kartoffeln isst man in Deutschland pro Tag durchschnittlich 400 Gramm Gemüse.,"Together with potatoes, people in Germany eat an average of 400 grams of vegetables per day.",,0,,Wortschatz
other,eifersüchtig auf (+Akk),jealous of,"Er ist eifersüchtig auf die Kollegen seiner Frau, mit denen sie nach der Arbeit Kaffee trinkt.",,,0,"adjective + preposition (fixed collocation, from uploaded list)",Adjektiv + Präp.
other,eigenartig,peculiar / unusual / strange,,,,0,,Wortschatz
other,ein Angebot ablehnen,to decline / reject an offer,Ich muss Ihr Angebot leider ablehnen.,,,0,"idiomatic verb phrase, from uploaded list",Redemittel
other,ein Angebot annehmen,to accept an offer,Gerne nehme ich Ihr Angebot an.,,,0,"idiomatic verb phrase, from uploaded list",Redemittel
other,ein Durcheinander,a mess,,,,0,,Wortschatz
other,ein enges Verhältnis,a close relationship,,,,0,,Wortschatz
other,ein gutes/schlechtes Leben führen,lead a good/bad life,Hedda Aziz führt ein gutes Leben.,,,0,"idiomatic verb phrase, from uploaded list",Redemittel
other,ein Missverständnis klären,to clear up a misunderstanding,Wir müssen miteinander sprechen und das Missverständnis klären.,,2026-09-02,1,"idiomatic verb phrase, from uploaded list",Redemittel
other,ein Projekt abschließen,complete a project,Das Team hat das Projekt pünktlich abgeschlossen.,,,0,"idiomatic verb phrase, from uploaded list",Redemittel
other,ein Unternehmen leiten,run a company,Sie leitet das erfolgreichste Unternehmen der Region.,,,0,"idiomatic verb phrase, from uploaded list",Redemittel
other,ein Versehen,an oversight / mistake,,,,0,,Wortschatz
other,ein Ziel erreichen,achieve a goal,"Nhan Nguyen arbeitet hart, um sein Ziel zu erreichen.",,,0,"idiomatic verb phrase, from uploaded list",Redemittel
other,ein Zimmer buchen,book a room,Kann man bei Ihnen auch Zimmer online buchen?,,,0,"idiomatic verb phrase, from uploaded list",Redemittel
other,ein/zum Ziel setzen,to set a goal / objective,"Malaika Hadrawi hat sich zum Ziel gesetzt, eine Ausbildung zur Hotelkauffrau zu machen.",,,0,"idiomatic verb phrase, from uploaded list",Redemittel
other,einatmen,to inhale,,,,0,,Wortschatz
other,einbezogen,included,,,,0,past participle of einbeziehen,Wortschatz
other,eine Antwort geben,give an answer,"Gib mir bitte eine Antwort, wenn ich dich etwas frage.",,2026-08-27,1,"idiomatic verb phrase, from uploaded list",Redemittel
other,eine Aufgabe übernehmen,to take on a task / responsibility,Krankenpfleger übernehmen Aufgaben in der Grundpflege.,,2026-08-27,1,"idiomatic verb phrase, from uploaded list",Redemittel
other,eine Ausbildung machen,to do an apprenticeship / vocational training,Fayyad Hadji hat eine Ausbildung als Elektriker gemacht.,,,0,"idiomatic verb phrase, from uploaded list",Redemittel
other,eine Entscheidung treffen,make a decision,"Anita Jiménez hat die Entscheidung getroffen, nach Deutschland zu ziehen.",,,0,"idiomatic verb phrase, from uploaded list",Redemittel
other,eine Frage stellen,ask a question,Entschuldigung. Das habe ich nicht verstanden. Ich muss noch eine Frage stellen.,,,0,"idiomatic verb phrase, from uploaded list",Redemittel
other,eine Garantie geben,to give a guarantee,Wir geben Ihnen drei Jahre Garantie auf unsere Produkte.,,2026-08-28,1,"idiomatic verb phrase, from uploaded list",Redemittel
other,eine Idee haben,have an idea,"Petra Münzberg hat die Idee, eine eigene Sicherheitsfirma zu gründen.",,,0,"idiomatic verb phrase, from uploaded list",Redemittel
other,eine Information für sich behalten,to keep information to oneself,"Verschwiegenheitspflicht bedeutet, dass man firmeninterne Informationen für sich behalten muss.",,,0,"idiomatic verb phrase, from uploaded list",Redemittel
other,eine Prüfung ablegen,to sit / take an exam,Am Ende des Lehrgangs müssen Sie eine Prüfung ablegen.,,,0,"idiomatic verb phrase, from uploaded list",Redemittel
other,eine Rechnung stellen,to issue an invoice / bill,Fadi Samet stellt dem Auftraggeber nach einer Übersetzung eine Rechnung.,,,0,"idiomatic verb phrase, from uploaded list",Redemittel
other,eine Straftat begehen,to commit a criminal offence,"Wer stiehlt, begeht eine Straftat.",,,0,"idiomatic verb phrase, from uploaded list",Redemittel
other,eine Verabredung treffen,to make an appointment / to arrange to meet,Sie trafen eine Verabredung für den nächsten Dienstag um 14 Uhr.,,,0,"idiomatic verb phrase, from uploaded list",Redemittel
other,eine Verbindung/einen Zug verpassen,to miss a connection/train,Ich habe die Verbindung verpasst.,I missed the connection.,,0,,Redemittel
other,einen Beruf ausüben,practice a profession,Fadi Samet übt den Beruf des Übersetzers aus.,,,0,"idiomatic verb phrase, from uploaded list",Redemittel
other,einen Beruf ergreifen,to take up a profession,Sie wollte nach der Geburt ihres Kindes wieder einen Beruf ergreifen.,,,0,"idiomatic verb phrase, from uploaded list",Redemittel
other,einen Entschluss fassen,to make a decision / to resolve,"Wir haben den Entschluss gefasst, im Sommer zu heiraten.",,2026-09-04,1,"idiomatic verb phrase, from uploaded list",Redemittel
other,einen Fehler beheben,to fix / correct a mistake,Wir haben den Fehler behoben und werden entsprechende Maßnahmen einleiten.,,,0,"idiomatic verb phrase, from uploaded list",Redemittel
other,einen Fehler machen,make a mistake,"Ich muss zugeben, dass ich einen Fehler gemacht habe.",,2026-09-02,1,"idiomatic verb phrase, from uploaded list",Redemittel
other,einen Fehler verzeihen,to forgive a mistake,Verzeih mir bitte den Fehler! Ich werde das nie wieder tun.,,,0,"idiomatic verb phrase, from uploaded list",Redemittel
other,Einen schönen Abend noch!,Have a nice evening!,,,,0,,Redemittel
other,einen Sinn ergeben/machen,to make sense,"Es macht Sinn, in die berufliche Weiterbildung zu investieren.",,,0,"idiomatic verb phrase, from uploaded list",Redemittel
other,einen Termin vereinbaren,make an appointment,Gerne können wir einen Termin in Ihrer Firma vereinbaren.,,,0,"idiomatic verb phrase, from uploaded list",Redemittel
other,einen Traum haben,have a dream,Sie hat den Traum eine Weltreise zu machen.,,,0,"idiomatic verb phrase, from uploaded list",Redemittel
other,einen Traum verwirklichen,to realise / fulfil a dream,Nhan Nguyen möchte seinen Traum vom Medizinstudium verwirklichen.,,2026-08-27,1,"idiomatic verb phrase, from uploaded list",Redemittel
other,einer Prüfung unterziehen,to subject to an examination / test,"Ein Auto wird regelmäßig einer technischen Prüfung, dem TÜV, unterzogen.",,,0,"idiomatic verb phrase, from uploaded list",Redemittel
other,eingebettet,embedded,"Ich finde es ein bisschen komisch, dass das in den Biologieunterricht eingebettet ist.",I find it a bit strange that that's embedded in biology class.,,0,corrected grammar of original sentence,Wortschatz
other,eingeschränkt,restricted,,,,0,,Wortschatz
other,einverstanden mit (+Dat),in agreement with / okay with,Sind Sie mit den Vertragsbedingungen einverstanden?,,,0,"adjective + preposition (fixed collocation, from uploaded list)",Adjektiv + Präp.
other,entsetzt über (+Akk),horrified at / appalled by,Die Gäste waren entsetzt über die hohen Preise im Restaurant.,,,0,"adjective + preposition (fixed collocation, from uploaded list)",Adjektiv + Präp.
other,enttäuscht,disappointed,,,,0,,Wortschatz
other,enttäuscht von (+Dat),disappointed by / in,Die Fußballfans waren enttäuscht von ihrer Mannschaft.,,,0,"adjective + preposition (fixed collocation, from uploaded list)",Adjektiv + Präp.
other,entziehen (+Dat/+Akk),to withdraw / to deprive,Das Gericht entzog ihm die Fahrerlaubnis für zwei Jahre.,,,0,"governs case, no preposition (from uploaded list)",Verb + Kasus
other,entzünden,"to ignite / kindle (also: to become inflamed, medical)",,,,0,,Wortschatz
other,epfehlen (+Dat/+Akk),to recommend,"Die Ärztin empfahl ihr, mehr Bewegung in den Alltag einzubauen.",,,0,"governs case, no preposition (from uploaded list)",Verb + Kasus
other,Erfahrung sammeln,gain experience,In seinem Heimatland hat Ahmed Moussa Erfahrung in einer Kfz-Werkstatt gesammelt.,,,0,"idiomatic verb phrase, from uploaded list",Redemittel
other,erfreut über (+Akk),pleased about / delighted by,Dimitra ist erfreut über die positiven Nachrichten aus Griechenland,,,0,"adjective + preposition (fixed collocation, from uploaded list)",Adjektiv + Präp.
other,erhalten,to get / receive (formal),,,,0,,Wortschatz
other,erkennen,to recognize,,,,0,,Wortschatz
other,erlauben (+Dat/+Akk),to allow / to permit,"Die Eltern erlaubten ihr, am Wochenende länger aufzubleiben.",,2026-09-02,1,"governs case, no preposition (from uploaded list)",Verb + Kasus
other,erledigen,to take care of / get done,,,,0,,Wortschatz
other,erschrecken,to frighten / scare,Das hat mich zu Tode erschreckt.,That scared me to death.,,0,,Wortschatz
other,erstaunlich,astounding,Dabei kann selbst eine kleine Menge Dentalgold einen erstaunlichen Wert haben.,Even a small amount of dental gold can have an astounding value.,,0,corrected inflected form to base adjective,Wortschatz
other,erstaunt über (+Akk),astonished at / surprised by,"Toma ist erstaunt über die vielen Fische, die er heute geangelt hat.",,,0,"adjective + preposition (fixed collocation, from uploaded list)",Adjektiv + Präp.
other,erstmal,first of all / for now,,,,0,corrected gloss — not 'at the moment',Wortschatz
other,erwischen,to catch,"Ich musste schnell laufen, um die Straßenbahn zu erwischen.",I had to run fast to catch the tram.,,0,,Wortschatz
other,erwähnt,mentioned,,,,0,past participle of erwähnen,Wortschatz
other,erzählen (+Dat/+Akk),to tell / to narrate,Er erzählte uns von seinen Abenteuern auf der Weltreise.,,,0,"governs case, no preposition (from uploaded list)",Verb + Kasus
other,es eilig haben,to be in a hurry,Ich habe es eilig.,I'm in a hurry.,,0,,Redewendung
other,es fällt uns schwerer,it's harder for us,,,,0,,Redewendung
other,es sieht anders aus,it's a different story / the situation looks different,"Wenn die Lieblingsband aber Kollegen oder Kunden stört, sieht es anders aus.","But if the favorite band disturbs colleagues or customers, it's a different story.",,0,corrected garbled original ('to be vorbidden'),Redewendung
other,fertig mit (+Dat),finished with / done with,"Wenn ich mit den Hausaufgaben fertig bin, gehe ich schwimmen.",,,0,"adjective + preposition (fixed collocation, from uploaded list)",Adjektiv + Präp.
other,fliehen / entkommen,to flee / escape,,,,0,,Wortschatz
other,Fragen stellen,ask questions,Stell doch nicht immer so viele Fragen!,,,0,"idiomatic verb phrase, from uploaded list",Redemittel
other,frei von (+Dat),free from / free of,"Wenn ich Urlaube habe, bin ich frei von Sorgen.",,,0,"adjective + preposition (fixed collocation, from uploaded list)",Adjektiv + Präp.
other,freundlich zu (+Dat),friendly to / towards,Fadi Samet ist freundlich zu seinen Nachbarn.,,,0,"adjective + preposition (fixed collocation, from uploaded list)",Adjektiv + Präp.
other,"Freut mich, dich kennenzulernen.",Nice to meet you.,,,,0,,Redemittel
other,froh über (+Akk),glad about / pleased about,Malaika Hadrawi und ihre Mutter waren froh über den Mikrokredit.,,,0,"adjective + preposition (fixed collocation, from uploaded list)",Adjektiv + Präp.
other,früh aus dem Unterricht kommen,to get out of class early,Wir sind ein bisschen früher aus dem Unterricht gekommen.,We got out of class a bit early.,,0,corrected garbled original,Wortschatz
other,fördern,to support / promote,,,,0,,Wortschatz
other,geben (+Dat/+Akk),to give,Sie gab ihm einen gut gemeinten Rat.,,,0,"governs case, no preposition (from uploaded list)",Verb + Kasus
other,geeignet für (+Akk),suitable for / appropriate for,Dieses Getränk ist nicht für Schwangere und Kinder geeignet.,,,0,"adjective + preposition (fixed collocation, from uploaded list)",Adjektiv + Präp.
other,gefallen (+Dat),to please / to appeal to,Mir gefällt vor allem der neue Tisch.,I especially like the new table.,,0,,Wortschatz
other,gemeinnützig,non-profit / charitable,,,,0,,Wortschatz
other,genüsslich,with relish / savoring,,,,0,,Wortschatz
other,gespannt auf (+Akk),excited about / curious about / looking forward to,Die Kinder sind gespannt auf den Besuch.,,2026-09-04,1,"adjective + preposition (fixed collocation, from uploaded list)",Adjektiv + Präp.
other,gewöhnlich,ordinary,,,,0,,Wortschatz
other,gewöhnt an (+Akk),used to / accustomed to,Dimitra Papadopoulou ist an viel Arbeit gewöhnt.,,,0,"adjective + preposition (fixed collocation, from uploaded list)",Adjektiv + Präp.
other,gießen,to pour,Ich gieße Milch über meine Frühstücksflocken.,I pour milk over my cereal.,,0,,Wortschatz
other,glauben (+Dat),to believe,"Ich glaube ihm, obwohl seine Geschichte unglaubwürdig klingt.",,,0,"governs case, no preposition (from uploaded list)",Verb + Kasus
other,glücklich über (+Akk),happy about / delighted about,Malaika Hadrawi ist glücklich über ihre neue Arbeit.,,,0,"adjective + preposition (fixed collocation, from uploaded list)",Adjektiv + Präp.
other,gratulieren (zu) (+Dat),to congratulate (on),Alle gratulierten ihr zum bestandenen Examen.,,,0,"governs case, no preposition (from uploaded list)",Verb + Kasus
other,großzügig / generös,generous,Ich danke euch nochmals. Ihr seid so großzügig.,Thanks again. You're so generous.,,0,corrected grammar of original sentence,Wortschatz
other,grundsätzlich,fundamentally / basically,,,,0,,Wortschatz
other,gut in (+Dat)/zu (+Dat),good at / good to,Heddas Sohn ist gut in Mathematik./Der Lehrer ist gut zu den Schülern.,,2026-09-04,1,"adjective + preposition (fixed collocation, from uploaded list)",Adjektiv + Präp.
other,gültig,valid,,,,0,"adjective form, see also gültige E-Mailadresse",Wortschatz
other,heben,to lift,,,,0,,Wortschatz
other,heftig,violently / fiercely / intensely,,,,0,,Wortschatz
other,helfen (+Dat),to help,"Er half ihr, die schweren Kisten in die Wohnung zu tragen.",,,0,"governs case, no preposition (from uploaded list)",Verb + Kasus
other,heruntergefallen,fallen down,,,,0,colloquial short form: runtergefallen,Wortschatz
other,herzhaft,savory,,,,0,corrected inflected form to base adjective,Wortschatz
other,holen,to get / fetch,,,,0,,Wortschatz
other,husten,to cough,,,,0,,Wortschatz
other,häufig,frequently,,,,0,,Wortschatz
other,höflich zu (+Dat),polite to / towards,Malaika Hadrawi ist zu den Hotelgästen höflich.,,,0,"adjective + preposition (fixed collocation, from uploaded list)",Adjektiv + Präp.
other,Hör auf!,Stop it!,,,,0,,Redemittel
other,Ich bin bereit geboren.,I was born ready.,,,2026-08-27,1,,Redewendung
other,Im Ernst?! / Ernsthaft?!,Seriously?!,,,,0,,Redemittel
other,imponieren (+Dat),to impress,Ihre Fachkenntnisse imponieren mir sehr.,,,0,"governs case, no preposition (from uploaded list)",Verb + Kasus
other,in Angriff nehmen,to tackle / to set about / to get started on,Nach dem Urlaub nahm sie das lang aufgeschobene Projekt endlich in Angriff.,,,0,"idiomatic verb phrase, from uploaded list",Redemittel
other,in Aussicht stellen,to hold out the prospect of / to promise,Der Geschäftsführer stellte den Mitarbeitern eine Ge,,,0,"idiomatic verb phrase, from uploaded list",Redemittel
other,in Betracht ziehen,to take into consideration / to consider,Bei der Entscheidung sollte man alle möglichen Konsequenzen in Betracht ziehen.,,,0,"idiomatic verb phrase, from uploaded list",Redemittel
other,in der Lage sein,to be in a position to / to be able to,"Der Arbeitgeber erwartet, dass sie in der Lage ist, diese Aufgabe zu erfüllen.",,,0,"idiomatic verb phrase, from uploaded list",Redemittel
other,in Erfahrung bringen,to find out / to ascertain,"Es gelang ihr, in Erfahrung zu bringen, wer hinter dem Projekt steckte.",,,0,"idiomatic verb phrase, from uploaded list",Redemittel
other,in Erfüllung gehen,to be fulfilled / to come true,"Ich hoffe, mein Wunsch geht in Erfüllung.",,2026-08-28,1,"idiomatic verb phrase, from uploaded list",Redemittel
other,in Erwägung ziehen,to consider / to contemplate,"Er zieht ernsthaft in Erwägung, seinen Job aufzugeben und ins Ausland zu gehen.",,,0,"idiomatic verb phrase, from uploaded list",Redemittel
other,in Frage kommen,to be considered / to be an option,Welcher Beruf kommt für Sie nicht in Frage?,,,0,"idiomatic verb phrase, from uploaded list",Redemittel
other,in Kauf nehmen,to accept / put up with / to take in one's stride,Dimitra Papadopoulou muss viele Überstunden machen. Das nimmt sie in Kauf.,,,0,"idiomatic verb phrase, from uploaded list",Redewendung
other,in Rente gehen,to retire / to go into retirement,Nächstes Jahr geht die Chefin in Rente.,,,0,"idiomatic verb phrase, from uploaded list",Redemittel
other,in Schwierigkeiten kommen/geraten,to get into difficulties / trouble,"Die Jugendlichen werden in Schwierigkeiten geraten, wenn Sie nicht für die Schule lernen.",,,0,"idiomatic verb phrase, from uploaded list",Redemittel
other,in Schwierigkeiten sein,to be in difficulties / trouble,Ihr Cousin ist in ernsten Schwierigkeiten. Er muss ins Gefängnis.,,2026-09-04,1,"idiomatic verb phrase, from uploaded list",Redemittel
other,interessiert an (+Dat),interested in,Nhan Nguyen ist interessiert an Tischtennis.,,,0,"adjective + preposition (fixed collocation, from uploaded list)",Adjektiv + Präp.
other,jemals,ever,Hast du jemals Teig gemacht?,Have you ever made dough?,2026-09-03,1,merged duplicates,Wortschatz
other,jemandem aus der Patsche helfen,to help someone out of a jam,,,,0,corrected 'Patache' -> 'Patsche',Redewendung
other,jemandem in der Patsche sitzen,to be in a jam,,,,0,corrected 'Patache' -> 'Patsche',Redewendung
other,Jetzt reicht's!,Now that's enough!,,,,0,,Redemittel
other,kapiert,understood / got it,,,,0,"past participle of kapieren, colloquial",Wortschatz
other,Karriere machen,to make a career / to advance professionally,Anita möchte Karriere bei einem Modeunternehmen machen.,,,0,"idiomatic verb phrase, from uploaded list",Redemittel
other,kein Druck / keinen Druck,no pressure,,,,0,,Redemittel
other,Keine Sorge.,No worries.,,,,0,,Redemittel
other,kennen (+Akk),to know / to be familiar with,Ich kenne diese Stadt wie meine Westentasche.,,,0,"governs case, no preposition (from uploaded list)",Verb + Kasus
other,kennzeichnen,to label / mark / tag,Er kennzeichnet den Lebensmittelbehälter.,He labels the food container.,2026-09-04,1,,Wortschatz
other,kichern,to giggle,,,,0,,Wortschatz
other,klappen,to work out / go smoothly,Das klappt.,That works / that'll do.,2026-09-03,1,also means 'to fold',Wortschatz
other,klauen,to steal / swipe,,,,0,colloquial; corrected from past-tense 'klauten',Wortschatz
other,knabbern,to nibble,,,,0,,Wortschatz
other,knallen,to bang / to pop,,,,0,,Wortschatz
other,knusprig,crunchy,,,,0,,Wortschatz
other,Kosten tragen,to bear / cover the costs,Die Firma trägt die Kosten für die Versicherung der Ware.,,,0,"idiomatic verb phrase, from uploaded list",Redemittel
other,kriegen,to get / receive (informal),,,,0,,Wortschatz
other,köstlich,delicious,,,,0,,Wortschatz
other,langweilen (mit) (+Akk),to bore (with),Er langweilte seine Kollegen mit endlosen Details über sein Hobby.,,,0,"governs case, no preposition (from uploaded list)",Verb + Kasus
other,leicht für (+Akk),easy for,Eine neue Sprache zu lernen ist für kleine Kinder leicht.,,,0,"adjective + preposition (fixed collocation, from uploaded list)",Adjektiv + Präp.
other,leihen (+Dat/+Akk),to lend / to loan,"Er lieh ihr sein Fahrrad, da ihres kaputt war.",,,0,"governs case, no preposition (from uploaded list)",Verb + Kasus
other,lieb zu (+Dat),kind to / sweet to,Hedda Aziz' Kinder sind lieb zu Tieren.,,,0,"adjective + preposition (fixed collocation, from uploaded list)",Adjektiv + Präp.
other,lieben (+Akk),to love,"Sie liebt es, am Wochenende lange auszuschlafen.",,,0,"governs case, no preposition (from uploaded list)",Verb + Kasus
other,loben,to praise,,,,0,,Wortschatz
other,mehrmals,several times,,,,0,,Wortschatz
other,merken,to note / take note of,,,2026-09-04,1,,Wortschatz
other,mindestens,at least,Ich brauche mindestens hundert Dollar.,I need at least a hundred dollars.,,0,,Wortschatz
other,"Mir ist gerade klar geworden, dass...",I just realized that...,,,,0,,Redemittel
other,"Mir war nicht aufgefallen/bewusst, dass...",I hadn't noticed/realized that...,,,,0,,Redemittel
other,missfallen (+Dat),to displease / to be displeasing,"Es missfiel ihm, dass seine Vorschläge ständig ignoriert wurden.",,,0,"governs case, no preposition (from uploaded list)",Verb + Kasus
other,misstrauen (+Dat),to distrust / to be suspicious of,Sie misstraut seinem plötzlichen Sinneswandel.,,,0,"governs case, no preposition (from uploaded list)",Verb + Kasus
other,misstrauisch gegenüber (+Dat),suspicious of / distrustful towards,Die alte Dame war anfangs misstrauisch gegenüber den neuen Nachbarn.,,2026-08-31,1,"adjective + preposition (fixed collocation, from uploaded list)",Adjektiv + Präp.
other,mitteilen (+Dat/+Akk),to inform / to communicate,Das Unternehmen teilte seinen Mitarbeitern die neuen Regelungen mit.,,,0,"governs case, no preposition (from uploaded list)",Verb + Kasus
other,müde von (+Dat),tired of / weary from,Toma Popescu ist heute müde von der Arbeit.,,,0,"adjective + preposition (fixed collocation, from uploaded list)",Adjektiv + Präp.
other,na klar,of course / sure,,,,0,,Redemittel
other,nachfragen,to ask again / inquire further,,,,0,,Wortschatz
other,nachgeben (+Dat),to give in / to yield,Nach langem Streit gab er schließlich nach und akzeptierte den Kompromiss.,,,0,"governs case, no preposition (from uploaded list)",Verb + Kasus
other,Natrium,sodium,,,,0,,Wortschatz
other,neidisch auf (+Akk),envious of,Ich bin nicht neidisch auf meinen reichen Nachbarn.,,,0,"adjective + preposition (fixed collocation, from uploaded list)",Adjektiv + Präp.
other,nett zu (+Dat),nice to / kind to,"Es zahlt sich aus, nett zu anderen Menschen zu sein.",,,0,"adjective + preposition (fixed collocation, from uploaded list)",Adjektiv + Präp.
other,neugierig auf (+Akk),curious about,Die Kinder sind neugierig auf die Weihnachtsgeschenke.,,,0,"adjective + preposition (fixed collocation, from uploaded list)",Adjektiv + Präp.
other,Nichts zu fassen.,Unbelievable.,,,,0,,Redewendung
other,niesen,to sneeze,,,,0,,Wortschatz
other,nochmals,once again,,,,0,,Wortschatz
other,Notizen machen,to take notes,Hast du dir heute im Kurs Notizen gemacht?,,,0,"idiomatic verb phrase, from uploaded list",Redemittel
other,notwendig,necessary / required,,,,0,,Wortschatz
other,nun,now,Es ging ihr nun viel besser.,She was now doing much better.,,0,,Wortschatz
other,nützen (+Dat),to be of use to / to benefit,"Es nützt ihr nichts, sich darüber aufzuregen.",,,0,"governs case, no preposition (from uploaded list)",Verb + Kasus
other,obwohl,although,,,,0,,Wortschatz
other,Opfer bringen,to make sacrifices,Die Ausbildung ist sehr anspruchsvoll. Da muss ich Opfer bringen.,,,0,"idiomatic verb phrase, from uploaded list",Redemittel
other,plaudern,to chat,,,,0,,Wortschatz
other,"Plötzlich wurde mir klar, dass...",I suddenly realized that...,,,,0,,Redemittel
other,prägen,"to shape / to mold (character, era)",,,,0,,Wortschatz
other,prägend,influential / formative,,,,0,,Wortschatz
other,quietschen,to squeak,,,2026-09-04,1,,Wortschatz
other,rechnen,to do math / calculate,Ich kann ziemlich gut rechnen.,I can do math fairly well.,2026-08-31,1,translated mixed-language original,Wortschatz
other,Recht haben,to be correct,Du hast Recht. Deine Argumente sind wirklich überzeugend.,,,0,"idiomatic verb phrase, from uploaded list",Redemittel
other,reich an (+Dat),rich in / abundant in,Russland ist reich an Bodenschätzen.,,,0,"adjective + preposition (fixed collocation, from uploaded list)",Adjektiv + Präp.
other,relativ,relatively,Es war relativ kalt.,It was relatively cold.,,0,,Wortschatz
other,Ruhe bewahren,to keep calm / to maintain composure,Im Brandfall sollten Sie Ruhe bewahren.,,,0,"idiomatic verb phrase, from uploaded list",Redemittel
other,sagen (+Dat/+Akk),to say / to tell,"Sie sagte ihm die Wahrheit, obwohl es schwierig war.",,,0,"governs case, no preposition (from uploaded list)",Verb + Kasus
other,schaden (+Dat),to harm / to damage,Übermäßiger Stress schadet der Gesundheit erheblich.,,,0,"governs case, no preposition (from uploaded list)",Verb + Kasus
other,schaffen,to manage / succeed; to work on / be busy with,,,,0,two related senses,Wortschatz
other,schenken (+Dat/+Akk),to give as a gift,Er schenkte ihr zum Geburtstag ein selbst geschriebenes Gedicht.,,,0,"governs case, no preposition (from uploaded list)",Verb + Kasus
other,schicken (+Dat/+Akk),to send,Sie schickte ihrer Mutter ein Paket mit Spezialitäten aus dem Ausland.,,2026-08-28,1,"governs case, no preposition (from uploaded list)",Verb + Kasus
other,schieflaufen,to go wrong,,,,0,,Wortschatz
other,schielen,to squint / glance sideways,Sie schielt ins Wohnzimmer.,She glances into the living room.,,0,,Wortschatz
other,schimpfen,to cuss / scold,,,,0,,Wortschatz
other,Schiss haben,to be scared / nervous,Ich hatte ein bisschen Schiss.,I was a little scared.,,0,corrected spelling,Redewendung
other,schlau,clever,,,,0,,Wortschatz
other,schleichen,to sneak / creep / tiptoe,Auf Zehenspitzen schleicht sie in die Küche.,On tiptoes she sneaks into the kitchen.,,0,corrected gloss from 'to speak' (typo),Wortschatz
other,schmeißen,to throw,,,,0,colloquial,Wortschatz
other,schniefen,to sniffle,Ich huste und schniefe wieder stärker.,I'm coughing and sniffling more heavily again.,,0,,Wortschatz
other,schon mal,already / beforehand,,,,0,,Wortschatz
other,schreiben (+Dat/+Akk),to write,"Er schrieb ihr jeden Tag eine Nachricht, als sie im Ausland war.",,,0,"governs case, no preposition (from uploaded list)",Verb + Kasus
other,Schritt für Schritt,step by step,,,,0,,Redewendung
other,schuld an (+Dat),guilty of / to blame for,Wer ist schuld an dieser Unordnung?,,,0,"adjective + preposition (fixed collocation, from uploaded list)",Adjektiv + Präp.
other,schweigsam,silent / taciturn,,,,0,corrected from 'schweiger' (not a standard word),Wortschatz
other,Schwieger-,in-law (prefix),der Schwiegersohn,the son-in-law,,0,,Wortschatz
other,schwierig für (+Akk),difficult for,"Besonders für Alleinerziehende ist es schwierig, Beruf und Familie zu vereinbaren.",,2026-09-04,1,"adjective + preposition (fixed collocation, from uploaded list)",Adjektiv + Präp.
other,Schwierigkeiten bereiten,to cause difficulties,Die Rechtschreibschwäche hat Frau Wiegand lange große Schwierigkeiten bereitet.,,,0,"idiomatic verb phrase, from uploaded list",Redemittel
other,schwitzen,to sweat,,,2026-09-03,1,,Wortschatz
other,schwurbeln,to talk nonsense / spout pseudoscience or conspiracy theories,,,,0,slang,Wortschatz
other,schädlich für (+Akk),harmful to / damaging to,Zu viel Stress ist schädlich für die Gesundheit.,,,0,"adjective + preposition (fixed collocation, from uploaded list)",Adjektiv + Präp.
other,schätzen,to estimate; to value / appreciate,,,,0,two related senses; see also schätzen an,Wortschatz
other,Schönes Wochenende!,Nice weekend!,,,,0,,Redemittel
other,seden (+Dat/+Akk),to send / to transmit,Die Redaktion sendete dem Autor eine Einladung zur Lesung.,,2026-08-28,1,"governs case, no preposition (from uploaded list)",Verb + Kasus
other,sehen (+Akk),to see,"Hast du gesehen, wie er das Problem in wenigen Minuten gelöst hat?",,,0,"governs case, no preposition (from uploaded list)",Verb + Kasus
other,seit Langem,for a long time,,,2026-08-27,1,,Wortschatz
other,seltsam,unusual / strange,,,,0,,Wortschatz
other,seufzen,to sigh,,,,0,,Wortschatz
other,sich befinden,to be located / situated,,,,0,,Wortschatz
other,sich dehnen,to stretch,,,,0,,Wortschatz
other,sich erbarmen,to have mercy / show mercy,,,2026-08-28,1,reflexive verb; noun is das Erbarmen (mercy),Wortschatz
other,sich kurz fassen,to keep it short,,,,0,,Redewendung
other,sich lohnen,to be worth it,Lohnt es sich?,Is it worth it?,2026-09-04,1,,Wortschatz
other,sich melden,to raise one's hand / speak up,Ich habe mich immer gemeldet.,I always raised my hand.,2026-09-03,1,,Wortschatz
other,sich umdrehen,to roll over,Ich habe mich auf die Seite gedreht.,I rolled onto my side.,,0,,Wortschatz
other,sich umschauen,to look around,,,,0,,Wortschatz
other,sich verändern,to change,Das Licht am Gerät hat sich verändert.,The light on the device has changed.,,0,corrected grammar of original ('veränderen sich'),Wortschatz
other,sich vorstellen,to imagine,"Ihr könnt euch ja schon mal überlegen, ob ihr euch dieses Amt vorstellen könnt.",You can already start thinking about whether you can imagine [taking on] this position.,2026-09-04,1,,Wortschatz
other,sich überschätzen,to overestimate oneself,Der Sprudelholer hat sich überschätzt.,The water-delivery guy overestimated himself.,,0,,Wortschatz
other,sicher vor (+Dat),safe from / protected from,In vielen Städten fühle ich mich nicht sicher vor Taschendieben.,,,0,"adjective + preposition (fixed collocation, from uploaded list)",Adjektiv + Präp.
other,So ein Mist.,What a bummer / darn it.,,,,0,,Redewendung
other,Sonst bekomme ich Ärger mit meiner anderen Chefin.,Otherwise I'll get in trouble with my other boss.,,,,0,corrected typo 'Sonnst',Redemittel
other,sorgfältig,carefully,"Alles ist sorgfältig designt, mit einem feinen, rustikalen Touch.","Everything is carefully designed, with a fine, rustic touch.",,0,corrected spelling,Wortschatz
other,speziell,especially / particularly,"Die Möglichkeiten der modernen Kommunikation am Arbeitsplatz, speziell das Internet, beschäftigen immer wieder die Justiz.","The possibilities of modern workplace communication, especially the internet, repeatedly occupy the courts.",,0,,Wortschatz
other,springen,to jump,Sie sprang ins Wasser.,She jumped into the water.,2026-08-31,1,,Wortschatz
other,spürbar,noticeable,"Das ist spürbar für Menschen, die hier in Deutschland leben, die hier arbeiten.",That's noticeable for people who live and work here in Germany.,,0,merged duplicate entry,Wortschatz
other,stets,always,Er war stets kalt.,He was always cold.,,0,,Wortschatz
other,stolz auf (+Akk),proud of,Hedda Aziz ist stolz auf ihre Kinder.,,,0,"adjective + preposition (fixed collocation, from uploaded list)",Adjektiv + Präp.
other,stur,stubborn,,,,0,,Wortschatz
other,tapfer,brave,,,,0,,Wortschatz
other,tauchen,to dive,Er tauchte in das tiefe Wasser.,He dove into the deep water.,2026-09-03,1,,Wortschatz
other,tauschen,to trade / exchange,Ich habe mit ihm Fahrräder getauscht.,I traded bikes with him.,,0,,Wortschatz
other,teilweise,partial(ly),,,,0,,Wortschatz
other,traurig über (+Akk),sad about,Die Kinder sind traurig über den Streit der Eltern.,,,0,"adjective + preposition (fixed collocation, from uploaded list)",Adjektiv + Präp.
other,treffen (+Akk),to meet / to encounter,Wir treffen uns jeden Freitag nach der Arbeit.,,,0,"governs case, no preposition (from uploaded list)",Verb + Kasus
other,treten,to step / kick,,,,0,,Wortschatz
other,trotzdem,still / nevertheless / despite this,,,,0,merged duplicates,Wortschatz
other,typisch für (+Akk),typical of / characteristic of,Für Deutschland sind die vielen Brotsorten typisch.,,,0,"adjective + preposition (fixed collocation, from uploaded list)",Adjektiv + Präp.
other,um Erlaubnis fragen,to ask for permission,Die Kinder müssen die Eltern wegen der Klassenfahrt um Erlaubnis fragen.,,2026-08-27,1,"idiomatic verb phrase, from uploaded list",Redemittel
other,umgekehrt,reverse / the other way around,,,,0,,Wortschatz
other,umwechseln,to exchange (currency),Ich wechsle meine Dollars in Euro um.,I exchange my dollars for euros.,,0,corrected non-word 'unwechseln',Wortschatz
other,unangenehm für (+Dat),unpleasant for / uncomfortable for,Die Beschwerden der Mitarbeiter sind für Dimitra unangenehm.,,,0,"adjective + preposition (fixed collocation, from uploaded list)",Adjektiv + Präp.
other,unbedingt,absolutely / definitely,,,,0,,Wortschatz
other,unbeliebt bei (+Dat),unpopular with,Der neue Vermieter ist bei den meisten Mietern unbeliebt.,,,0,"adjective + preposition (fixed collocation, from uploaded list)",Adjektiv + Präp.
other,unerfahren in (+Dat),inexperienced in,Die Praktikantin ist in den meisten Bereichen unerfahren.,,,0,"adjective + preposition (fixed collocation, from uploaded list)",Adjektiv + Präp.
other,unerwartet,unexpected,,,,0,,Wortschatz
other,unfreundlich zu (+Dat),unfriendly to / towards,Heute war ein Fahrgast unfreundlich zu dem Straßenbahnfahrer.,,,0,"adjective + preposition (fixed collocation, from uploaded list)",Adjektiv + Präp.
other,ungeeignet für (+Akk),unsuitable for / inappropriate for,Der Beruf des Schauspielers ist für schüchterne Menschen ungeeignet.,,,0,"adjective + preposition (fixed collocation, from uploaded list)",Adjektiv + Präp.
other,unglücklich über (+Akk),unhappy about / distressed about,Jeder Mensch ist manchmal unglücklich über sein Leben.,,,0,"adjective + preposition (fixed collocation, from uploaded list)",Adjektiv + Präp.
other,unter Druck stehen,to be under pressure,"Sie steht momentan sehr unter Druck, da die Deadline näher rückt.",,,0,"idiomatic verb phrase, from uploaded list",Redemittel
other,unterbrechen (+Akk),to interrupt,"Er unterbrach sie mitten im Satz, was sie sehr störte.",,,0,"governs case, no preposition (from uploaded list)",Verb + Kasus
other,Unterlagen erstellen,to prepare / draw up documents,Bitte erstellen Sie die Unterlagen für die Besprechung bis 16 Uhr.,,,0,"idiomatic verb phrase, from uploaded list",Redemittel
other,untersuchen (+Akk),to examine / to investigate,Der Arzt untersuchte den Patienten gründlich und stellte eine Diagnose.,,,0,"governs case, no preposition (from uploaded list)",Verb + Kasus
other,unwahrscheinlich,unlikely,,,,0,,Wortschatz
other,unzufrieden mit (+Dat),dissatisfied with / unhappy with,Die Mitarbeiter sind unzufrieden mit den Wartezeiten in der Kantine.,,,0,"adjective + preposition (fixed collocation, from uploaded list)",Adjektiv + Präp.
other,"V = 'fau', Y = 'Ypsilon', Z = 'Zett'","German names for the letters V, Y, Z",,,2026-09-02,1,pronunciation reference; corrected 'fow' -> 'fau',Wortschatz
other,verabscheuen,to detest,,,,0,,Wortschatz
other,verantwortlich für (+Akk),responsible for / accountable for,Wer ist für dieses Problem verantwortlich?,,,0,"adjective + preposition (fixed collocation, from uploaded list)",Adjektiv + Präp.
other,verarscht,screwed over / fooled / kidding,,,,0,corrected from 'verarsched'; colloquial,Wortschatz
other,verbieten (+Dat/+Akk),to forbid / to prohibit,"Der Arzt verbot ihm, nach der Operation Sport zu treiben.",,,0,"governs case, no preposition (from uploaded list)",Verb + Kasus
other,verbinden,to connect,,,,0,,Wortschatz
other,verbringen,to spend (time),Ich verbringe sehr viel Zeit mit meinen Kindern.,I spend a lot of time with my children.,,0,merged duplicates,Wortschatz
other,verdanken (+Dat/+Akk),to owe / to be indebted to,"Sie verdankt ihm viel, denn er hat ihr den entscheidenden Tipp gegeben.",,,0,"governs case, no preposition (from uploaded list)",Verb + Kasus
other,Verflucht!,Darn it! / Curses!,,,,0,corrected from 'Verfluchte',Redemittel
other,verfügbar,available,,,,0,,Wortschatz
other,vergleichen,to compare,,,,0,corrected from noun form 'vergleich'; related noun: der Vergleich,Wortschatz
other,verheiratet mit (+Dat),married to,Hedda Aziz ist seit 15 Jahren mit ihrem Mann verheiratet.,,,0,"adjective + preposition (fixed collocation, from uploaded list)",Adjektiv + Präp.
other,verhören (+Akk),to interrogate,Der Detektiv verhörte den Verdächtigen mehrere Stunden lang.,,2026-09-03,1,"governs case, no preposition (from uploaded list)",Verb + Kasus
other,verkaufen (+Dat/+Akk),to sell,Er verkaufte ihr das alte Fahrrad zu einem fairen Preis.,,,0,"governs case, no preposition (from uploaded list)",Verb + Kasus
other,verlassen,to leave,,,,0,corrected old spelling 'verlaßen',Wortschatz
other,verletzen,to injure,,,,0,,Wortschatz
other,verliebt in (+Akk),in love with,Hedda Aziz' Tochter ist in einen Mitschüler verliebt.,,,0,"adjective + preposition (fixed collocation, from uploaded list)",Adjektiv + Präp.
other,verlieren,to lose,,,,0,corrected infinitive from past participle 'verloren',Wortschatz
other,verlobt mit (+Dat),engaged to,"Weißt du, dass Nhan mit Silke verlobt ist?",,,0,"adjective + preposition (fixed collocation, from uploaded list)",Adjektiv + Präp.
other,vermissen,to miss (someone),Ich vermisse meine Familie.,I miss my family.,2026-09-03,1,,Wortschatz
other,vernichten,to destroy,,,,0,,Wortschatz
other,vernünftig,reasonable,,,2026-09-03,1,,Wortschatz
other,verrückt nach (+Dat),crazy about / mad about,"Unsinn, er ist verrückt nach Maria!",,,0,"adjective + preposition (fixed collocation, from uploaded list)",Adjektiv + Präp.
other,verschweigen (+Dat/+Akk),to conceal / to withhold,"Er verschwieg ihr, dass er bereits von dem Problem wusste.",,,0,"governs case, no preposition (from uploaded list)",Verb + Kasus
other,verspeisen,to devour / eat up,,,,0,,Wortschatz
other,versprchen (+Dat/+Akk),to promise,"Sie versprach ihm, pünktlich zu sein.",,2026-08-31,1,"governs case, no preposition (from uploaded list)",Verb + Kasus
other,verstehen (+Akk),to understand,"Ich verstehe nicht, warum er so reagiert hat.",,,0,"governs case, no preposition (from uploaded list)",Verb + Kasus
other,vertrauen (+Dat),to trust,"Sie vertraut ihm blind, seit er ihr einmal aus der Klemme geholfen hat.",,2026-09-02,1,"governs case, no preposition (from uploaded list)",Verb + Kasus
other,Vertrauen missbrauchen,to abuse / betray trust,Eine Bekannte missbrauchte das Vertrauen ihres Arbeitgebers und verlor fast ihre Stelle.,,,0,"idiomatic verb phrase, from uploaded list",Redemittel
other,verwandt mit (+Dat),related to,Sind Sie mit jemandem aus dem Kurs verwandt?,,,0,"adjective + preposition (fixed collocation, from uploaded list)",Adjektiv + Präp.
other,verweigern (+Dat/+Akk),to refuse / to deny,Das Amt verweigerte ihm die Genehmigung ohne Angabe von Gründen.,,,0,"governs case, no preposition (from uploaded list)",Verb + Kasus
other,verzeihen (+Dat/+Akk),to forgive,"Sie verzieh ihm seinen Fehler, nachdem er sich aufrichtig entschuldigt hatte.",,,0,"governs case, no preposition (from uploaded list)",Verb + Kasus
other,verzweifeln,to despair,,,2026-09-03,1,fixed spelling,Wortschatz
other,verärgert über (+Akk),annoyed about / irritated by,Eine Mitarbeiterin ist über die unordentliche Führung der Patienten-akten verärgert.,,2026-08-28,1,"adjective + preposition (fixed collocation, from uploaded list)",Adjektiv + Präp.
other,vielseitig,versatile,,,,0,,Wortschatz
other,vorkommen,to seem / to occur,,,,0,,Wortschatz
other,wackeln,to wobble,Es wackelt.,It wobbles.,,0,,Wortschatz
other,wagen,to dare,,,,0,,Wortschatz
other,Ware umtauschen,to exchange goods / to swap an item,"Können wir die Ware umtauschen, wenn wir nicht zufrieden sind?",,,0,"idiomatic verb phrase, from uploaded list",Redemittel
other,Was für ein Zufall!,What a coincidence!,,,,0,,Redemittel
other,Was hältst du davon?,What do you think about that?,,,2026-09-04,1,,Redemittel
other,wasserdicht,waterproof,,,,0,,Wortschatz
other,wechseln,to change,Die Ampel wechselte von Rot auf Grün.,The traffic light changed from red to green.,,0,,Wortschatz
other,wegnehmen (+Dat/+Akk),to take away,Der Lehrer nahm dem Schüler das Handy weg.,,2026-09-03,1,"governs case, no preposition (from uploaded list)",Verb + Kasus
other,wegräumen,to clear away,,,,0,corrected from 'Weg räumen',Wortschatz
other,wendig,agile,,,,0,,Wortschatz
other,wichtig für (+Akk),important for / significant for,Für alle Menschen ist Erholung wichtig.,,,0,"adjective + preposition (fixed collocation, from uploaded list)",Adjektiv + Präp.
other,widersprechen (+Dat),to contradict / to disagree with,Er widersprach dem Experten öffentlich und sorgte damit für Aufsehen.,,,0,"governs case, no preposition (from uploaded list)",Verb + Kasus
other,"Wir freuen uns, Sie zu sehen.",We look forward to seeing you.,,,,0,,Redemittel
other,wirken,to seem,Das wirkt sehr echt.,That seems very real.,,0,,Wortschatz
other,wohl,probably / likely,,,,0,,Wortschatz
other,wutend auf (+Akk)/über (+Akk),furious at / angry about,Der Gast war wegen der langen Wartezeit wütend auf den Kellner./ Fayyad Hadji ist wütend über seine Kündigung.,,2026-08-27,1,"adjective + preposition (fixed collocation, from uploaded list)",Adjektiv + Präp.
other,während,while / during,,,2026-09-04,1,,Wortschatz
other,wünschen (+Dat/+Akk),to wish,Ich wünsche dir viel Erfolg bei deiner Prüfung.,,,0,"governs case, no preposition (from uploaded list)",Verb + Kasus
other,wütend,angry,,,,0,,Wortschatz
other,zeichnen,to draw,,,,0,,Wortschatz
other,zeigen (+Dat/+Akk),to show,Er zeigte ihr den kürzesten Weg zum Bahnhof.,,,0,"governs case, no preposition (from uploaded list)",Verb + Kasus
other,Zeit verlieren,lose time,Lass uns keine Zeit verlieren und gleich losfahren.,,,0,"idiomatic verb phrase, from uploaded list",Redemittel
other,zig,a bunch of / umpteen,,,,0,,Wortschatz
other,zocken,to gamble / bet,,,,0,,Wortschatz
other,zu einem Ergebnis kommen,to reach a conclusion / result,Wir müssen jetzt zu einem Ergebnis kommen.,,,0,"idiomatic verb phrase, from uploaded list",Redemittel
other,zu einer Einigung kommen,to reach an agreement / to come to a settlement,Nach stundenlangen Verhandlungen kamen beide Parteien endlich zu einer Einigung.,,,0,"idiomatic verb phrase, from uploaded list",Redemittel
other,zu Wort kommen,to get a chance to speak / to have one's say,Entschuldigung! Ich komme nicht zu Wort. Ich möchte auch etwas sagen.,,,0,"idiomatic verb phrase, from uploaded list",Redewendung
other,zufrieden mit (+Dat),satisfied with / content with,Toma Popescu ist zufrieden mit seiner Arbeitsstelle.,,,0,"adjective + preposition (fixed collocation, from uploaded list)",Adjektiv + Präp.
other,zufällig,by chance / random(ly),,,,0,merged duplicates,Wortschatz
other,zuhören,to listen,,,2026-08-28,1,,Wortschatz
other,zulächeln (+Dat),to smile at,"Sie lächelte ihm freundlich zu, als er den Raum betrat.",,,0,"governs case, no preposition (from uploaded list)",Verb + Kasus
other,zum Ende kommen,come to an end,Kommen Sie jetzt zum Ende. Die Zeit für die Bearbeitung des Leseverstehens ist vorbei.,,,0,"idiomatic verb phrase, from uploaded list",Redemittel
other,zur Auswahl stehen,to be available for selection / to be an option,"Zur Auswahl stehen Milchkaffee, Espresso und grüner Tee.",,,0,"idiomatic verb phrase, from uploaded list",Redemittel
other,zur Diskussion stehen,to be up for discussion / to be under debate,Der neue Vorschlag steht auf der nächsten Sitzung zur Diskussion.,,2026-08-28,1,"idiomatic verb phrase, from uploaded list",Redemittel
other,zur Folge haben,to result in / to have as a consequence,Die ungeplante Schwangerschaft hatte für Petra Münzberg den Abbruch der Ausbildung zur Folge.,,,0,"idiomatic verb phrase, from uploaded list",Redemittel
other,zur Kenntnis nehmen,to take note of / to acknowledge,"Die Behörde nahm die Beschwerde zur Kenntnis, handelte jedoch nicht sofort.",,,0,"idiomatic verb phrase, from uploaded list",Redemittel
other,zur Ruhe kommen,to find peace / to settle down / to get some rest,Toma Popescu kommt beim Angeln zur Ruhe.,,,0,"idiomatic verb phrase, from uploaded list",Redemittel
other,zur Sprache bringen,to bring up / to raise (a topic),Sie brachte das heikle Thema beim Treffen geschickt zur Sprache.,,,0,"idiomatic verb phrase, from uploaded list",Redemittel
other,zureden (+Dat),to encourage / to persuade,"Seine Freunde redeten ihm gut zu, die Stelle anzunehmen.",,,0,"governs case, no preposition (from uploaded list)",Verb + Kasus
other,zusehen (bei) (+Dat),to watch / to observe,"Er sah ihr beim Kochen zu und versuchte, das Rezept zu lernen.",,,0,"governs case, no preposition (from uploaded list)",Verb + Kasus
other,zustellen,to deliver,"Anscheinend wurde schon am 22.09. ein Paket für uns zugestellt, aber ich habe es noch nicht gefunden.","Apparently a package was already delivered to us on 9/22, but I haven't found it yet.",,0,,Wortschatz
other,zustimmen (+Dat),to agree / to consent,Der Ausschuss stimmte dem neuen Vorschlag einstimmig zu.,,,0,"governs case, no preposition (from uploaded list)",Verb + Kasus
other,zuständig für (+Akk),responsible for / in charge of,Anita Jiménez ist für südamerikanische Kundenkontakte zuständig.,,,0,"adjective + preposition (fixed collocation, from uploaded list)",Adjektiv + Präp.
other,zuwinken (+Dat),to wave at,"Sie winkte ihm vom Bahnsteig aus zu, als der Zug abfuhr.",,,0,"governs case, no preposition (from uploaded list)",Verb + Kasus
other,ähnlich,similar,,,,0,,Wortschatz
other,ärgerlich auf (+Akk)/über (+Akk),annoyed at / about,Sie ist ärgerlich auf ihre Kollegin./ Er ist ärgerlich über die Verspätung seines Kollegen.,,,0,"adjective + preposition (fixed collocation, from uploaded list)",Adjektiv + Präp.
other,über den Tisch ziehen,to dupe / con someone,,,,0,"idiom, lit. 'to pull someone over the table'",Redewendung
other,überhaupt,at all,Ich kann überhaupt nicht arbeiten.,I can't work at all.,,0,,Wortschatz
other,überholen,to pass / overtake (vehicles),Der Schnellzug hat den Bummelzug überholt.,The express train overtook the local train.,2026-08-31,1,,Wortschatz
other,überlegen,to consider,,,,0,,Wortschatz
other,überlegt,considered / deliberate,,,,0,past participle / adjective form of überlegen,Wortschatz
other,übernehmen,to take over / accept,,,,0,,Wortschatz
other,überreichen (+Dat/+Akk),to hand over / to present,Der Bürgermeister überreichte ihr feierlich die Auszeichnung.,,2026-08-28,1,"governs case, no preposition (from uploaded list)",Verb + Kasus
other,überschätzen,to overestimate,,,,0,,Wortschatz
other,Überstunden abbauen,to reduce / work off overtime,Sie wird die Überstunden nächsten Monat abbauen und sich etwas erholen.,,,0,"idiomatic verb phrase, from uploaded list",Redemittel
other,Überstunden machen,to do / work overtime,"Dimitra Papadopoulou macht momentan viele Überstunden, weil so viele Kollegen krank sind.",,,0,"idiomatic verb phrase, from uploaded list",Redemittel
other,überwinden,to overcome,,,,0,,Wortschatz
other,überzeugen,to convince,Ihr Kaffee hat mich nicht überzeugt.,Their coffee didn't impress me.,,0,,Wortschatz
other,überzeugt,convinced,,,2026-08-31,1,,Wortschatz
other,überzeugt von (+Dat),convinced of / certain about,Nhan ist von der Sicherheit des Online-Bezahldienstes überzeugt.,,,0,"adjective + preposition (fixed collocation, from uploaded list)",Adjektiv + Präp.
